Pad,CoBo,Asad,Aget,Ch
0,8,2,0,65
1,8,2,0,48
2,8,2,0,33
3,8,2,0,18
4,8,2,0,3
5,8,2,1,54
6,8,2,1,37
7,8,2,1,23
8,8,2,1,12
9,8,2,1,9
10,8,2,1,8
11,8,2,2,66
12,8,2,2,49
13,8,2,2,34
14,8,2,2,17
15,8,2,2,2
16,8,2,3,53
17,8,2,3,38
18,8,2,3,21
19,8,2,3,6
20,8,2,3,0
21,8,3,3,48
22,8,3,3,4
23,8,3,3,15
24,8,2,3,19
25,8,2,3,15
26,8,3,3,16
27,8,2,3,10
28,8,3,3,12
29,8,3,3,7
30,8,2,3,4
31,8,3,3,18
32,8,2,3,2
33,8,3,3,52
34,8,3,3,14
35,8,3,3,32
36,8,3,3,9
37,8,2,3,55
38,8,3,3,42
39,8,3,2,52
40,8,3,3,47
41,8,3,3,60
42,8,3,2,26
43,8,3,3,64
44,8,3,2,54
45,8,3,2,34
46,8,3,2,6
47,8,3,2,57
48,8,3,2,10
49,8,3,2,15
50,8,3,2,59
51,8,3,3,28
52,8,3,2,40
53,8,3,3,3
54,8,3,3,43
55,8,3,3,65
56,8,3,3,39
57,8,3,3,33
58,8,3,2,3
59,8,3,3,29
60,8,3,2,7
61,8,3,2,12
62,8,3,3,25
63,8,3,2,16
64,8,3,3,20
65,4,1,1,49
66,4,1,1,53
67,4,1,1,34
68,4,1,1,38
69,4,1,1,24
70,4,1,1,19
71,8,3,2,61
72,4,1,1,15
73,4,1,1,17
74,2,0,0,18
75,4,1,1,57
76,2,0,0,5
77,2,0,1,50
78,4,1,1,46
79,2,0,1,46
80,4,1,1,35
81,2,0,0,14
82,2,0,1,43
83,2,0,1,59
84,2,0,1,20
85,2,0,1,66
86,2,0,1,54
87,2,0,1,60
88,2,0,0,34
89,2,0,0,21
90,2,0,1,42
91,2,0,0,15
92,2,0,1,21
93,2,0,0,38
94,2,0,0,6
95,2,0,3,27
96,2,0,0,55
97,2,0,0,51
98,2,0,3,20
99,2,0,0,49
100,2,0,3,14
101,2,0,3,9
102,2,0,0,47
103,2,0,3,3
104,2,0,0,44
105,2,0,0,42
106,2,0,3,1
107,2,0,3,65
108,2,0,2,61
109,2,0,2,16
110,2,0,0,40
111,2,0,2,3
112,2,0,2,59
113,2,0,2,9
114,2,0,2,53
115,2,0,2,58
116,2,0,2,13
117,2,0,2,8
118,2,0,2,42
119,2,0,2,4
120,2,0,2,38
121,2,0,2,36
122,2,0,2,15
123,2,0,2,34
124,2,0,2,28
125,2,0,3,55
126,2,0,3,43
127,2,0,3,47
128,2,0,3,48
129,2,0,3,57
130,2,0,3,30
131,2,0,3,62
132,2,0,3,26
133,2,1,3,48
134,2,0,3,53
135,2,1,3,50
136,2,0,3,40
137,2,0,3,38
138,2,1,3,39
139,2,0,3,15
140,2,1,3,33
141,2,1,3,5
142,2,0,3,24
143,2,1,3,13
144,2,1,3,1
145,2,1,3,10
146,2,1,3,26
147,2,1,3,21
148,0,0,3,34
149,0,1,3,25
150,0,0,3,26
151,0,1,3,33
152,0,2,3,20
153,0,2,3,9
154,0,2,3,25
155,0,2,3,2
156,0,2,3,12
157,0,2,3,6
158,0,3,3,23
159,0,2,3,34
160,0,3,3,14
161,0,3,3,37
162,0,2,3,40
163,0,3,3,39
164,0,2,3,51
165,0,2,3,49
166,0,3,3,52
167,0,3,3,25
168,0,3,3,61
169,0,3,3,58
170,0,3,3,29
171,0,3,3,49
172,0,3,3,46
173,0,3,3,54
174,0,3,3,44
175,0,3,2,27
176,0,3,2,33
177,0,3,2,35
178,0,3,2,14
179,0,3,2,37
180,0,3,2,3
181,0,3,2,7
182,0,3,2,41
183,0,3,2,12
184,0,3,2,57
185,0,3,2,10
186,0,3,2,52
187,0,3,2,60
188,0,3,2,4
189,0,3,2,17
190,0,3,0,39
191,0,3,2,62
192,0,3,3,66
193,0,3,0,41
194,0,3,3,2
195,0,3,0,43
196,0,3,3,4
197,0,3,3,10
198,0,3,0,46
199,0,3,3,15
200,0,3,0,48
201,0,3,0,50
202,0,3,3,21
203,0,3,0,54
204,0,3,3,28
205,0,3,0,37
206,0,3,0,5
207,0,3,1,20
208,0,3,0,14
209,0,3,0,20
210,0,3,1,41
211,0,3,0,33
212,0,3,1,59
213,0,3,1,65
214,0,3,1,55
215,0,3,1,21
216,0,3,1,60
217,0,3,0,15
218,0,3,1,44
219,3,0,1,36
220,0,3,1,47
221,0,3,1,51
222,3,0,1,47
223,0,3,0,6
224,3,0,1,58
225,3,0,1,16
226,0,3,0,19
227,3,0,1,14
228,6,0,2,62
229,3,0,1,23
230,3,0,1,18
231,3,0,1,37
232,3,0,1,33
233,3,0,1,48
234,3,0,1,52
235,6,0,3,21
236,6,0,2,17
237,6,0,2,13
238,6,0,3,26
239,6,0,2,8
240,6,0,3,30
241,6,0,3,34
242,6,0,2,4
243,6,0,3,40
244,6,0,3,66
245,6,0,3,4
246,6,0,3,44
247,6,0,2,39
248,6,0,3,27
249,6,0,2,14
250,6,0,2,60
251,6,0,2,9
252,6,0,2,58
253,6,0,2,33
254,6,0,2,5
255,6,0,2,55
256,6,0,3,63
257,6,0,3,59
258,6,0,2,25
259,6,0,3,46
260,6,0,2,53
261,6,1,3,54
262,6,0,3,41
263,6,0,3,10
264,6,0,3,31
265,6,0,3,53
266,6,0,3,15
267,6,1,3,1
268,6,0,3,19
269,6,0,3,8
270,6,1,3,3
271,6,0,3,13
272,6,1,3,9
273,6,1,3,14
274,6,0,3,17
275,6,1,3,18
276,6,0,3,14
277,6,0,3,3
278,6,0,3,49
279,6,1,3,0
280,6,1,3,5
281,6,1,3,20
282,6,1,3,37
283,6,1,3,52
284,6,1,2,1
285,6,1,2,16
286,6,1,2,33
287,6,1,2,48
288,6,1,2,65
289,6,1,1,7
290,6,1,1,9
291,6,1,1,13
292,6,1,1,24
293,6,1,1,38
294,6,1,1,55
295,6,1,0,4
296,6,1,0,19
297,6,1,0,34
298,6,1,0,49
299,6,1,0,66
300,8,2,0,66
301,8,2,0,51
302,8,2,0,34
303,8,2,0,19
304,8,2,0,2
305,8,2,1,55
306,8,3,1,39
307,8,3,1,23
308,8,3,1,14
309,8,3,1,12
310,8,3,1,9
311,8,3,2,65
312,8,3,2,50
313,8,3,2,35
314,8,3,2,18
315,8,3,2,1
316,8,3,3,54
317,8,3,3,37
318,8,3,3,23
319,8,3,3,5
320,8,3,3,1
321,8,3,2,0
322,8,3,3,36
323,8,3,2,30
324,8,3,1,1
325,8,3,2,44
326,8,3,2,67
327,8,3,3,51
328,8,3,2,49
329,8,3,3,49
330,8,3,3,53
331,8,3,2,20
332,8,3,3,62
333,8,3,3,24
334,8,3,3,21
335,8,3,3,66
336,8,3,3,17
337,8,3,2,2
338,8,3,2,8
339,8,3,3,13
340,8,3,2,13
341,8,3,3,6
342,8,3,3,2
343,2,0,0,63
344,8,3,3,30
345,2,0,0,57
346,2,0,0,54
347,8,3,3,34
348,2,0,0,50
349,8,3,3,38
350,8,3,3,44
351,2,0,0,46
352,2,0,0,43
353,2,0,0,39
354,2,0,0,35
355,2,0,0,37
356,2,0,0,27
357,2,0,0,31
358,2,0,0,25
359,2,0,0,64
360,2,0,0,62
361,2,0,0,60
362,2,0,1,31
363,4,1,1,55
364,2,0,1,25
365,2,0,1,61
366,2,0,1,41
367,2,0,0,30
368,2,0,1,29
369,2,0,0,2
370,2,0,1,40
371,2,0,0,32
372,2,0,2,43
373,2,0,0,10
374,2,0,0,0
375,2,0,2,35
376,2,0,1,49
377,2,0,2,27
378,2,0,2,20
379,2,0,1,36
380,2,0,2,14
381,2,0,1,26
382,2,0,2,1
383,2,0,2,5
384,2,0,3,61
385,2,0,3,67
386,2,0,3,60
387,2,0,3,54
388,2,0,3,51
389,2,0,3,46
390,2,0,3,41
391,2,0,3,44
392,2,0,3,31
393,2,0,3,36
394,2,0,3,28
395,2,0,3,25
396,2,0,3,21
397,2,0,3,18
398,2,0,3,10
399,2,0,3,17
400,2,0,3,8
401,2,0,3,6
402,2,0,3,4
403,2,0,3,5
404,2,0,3,2
405,2,0,3,0
406,2,0,2,63
407,2,0,3,19
408,2,0,2,47
409,2,1,2,66
410,2,1,2,60
411,2,0,2,24
412,2,1,2,53
413,2,0,1,28
414,2,0,3,32
415,2,1,2,51
416,2,0,3,13
417,2,1,2,16
418,2,1,2,14
419,2,1,2,40
420,2,1,1,4
421,2,1,2,38
422,2,1,2,36
423,2,1,2,12
424,2,1,3,63
425,2,1,2,7
426,2,1,2,5
427,2,1,3,57
428,2,1,3,47
429,2,1,3,54
430,2,1,3,41
431,2,1,3,44
432,2,1,3,35
433,2,1,3,29
434,2,1,3,12
435,2,1,3,31
436,2,1,3,19
437,2,1,3,9
438,2,1,3,15
439,2,1,3,28
440,9,2,0,27
441,0,0,2,28
442,0,0,3,62
443,0,0,3,58
444,0,0,3,38
445,0,0,3,36
446,0,0,3,24
447,0,1,3,23
448,0,1,3,35
449,0,1,3,37
450,0,1,3,61
451,0,1,3,57
452,0,1,2,27
453,5,1,0,28
454,0,2,3,14
455,0,2,3,27
456,0,2,3,10
457,0,2,3,18
458,0,2,3,13
459,0,2,3,32
460,0,2,3,30
461,0,2,3,36
462,0,2,3,42
463,0,2,3,43
464,0,2,3,55
465,0,2,3,46
466,0,2,2,6
467,0,2,3,58
468,0,2,2,8
469,0,2,3,64
470,0,2,2,35
471,0,2,2,13
472,0,2,2,37
473,0,2,1,3
474,0,2,2,15
475,0,2,2,39
476,0,2,2,17
477,0,3,3,12
478,0,3,3,31
479,0,2,2,50
480,0,3,1,27
481,0,2,2,52
482,0,2,2,59
483,0,3,2,23
484,0,2,2,65
485,0,3,2,46
486,0,3,2,64
487,0,3,3,18
488,0,3,3,0
489,0,3,3,1
490,0,3,3,3
491,0,3,3,6
492,0,3,3,5
493,0,3,3,7
494,0,3,3,9
495,0,3,3,16
496,0,3,3,19
497,0,3,3,20
498,0,3,3,27
499,0,3,3,26
500,0,3,3,35
501,0,3,3,32
502,0,3,3,42
503,0,3,3,43
504,0,3,3,47
505,0,3,3,50
506,0,3,3,59
507,0,3,3,55
508,0,3,2,0
509,0,3,3,62
510,0,3,2,2
511,0,3,2,6
512,0,3,1,25
513,0,3,2,15
514,0,3,2,21
515,0,3,1,35
516,0,3,2,28
517,0,3,1,48
518,0,3,1,67
519,0,3,2,36
520,0,3,0,9
521,0,3,2,44
522,0,3,1,39
523,0,3,0,31
524,0,3,0,1
525,0,3,1,30
526,0,3,1,42
527,0,3,0,29
528,0,3,1,62
529,0,3,1,26
530,0,3,1,32
531,3,0,1,54
532,0,3,0,59
533,0,3,0,61
534,0,3,0,26
535,0,3,0,63
536,0,3,0,32
537,0,3,0,28
538,0,3,0,36
539,0,3,0,38
540,0,3,0,40
541,0,3,0,44
542,6,0,3,43
543,0,3,0,47
544,6,0,3,37
545,0,3,0,51
546,0,3,0,55
547,6,0,3,33
548,0,3,0,58
549,6,0,3,29
550,6,0,3,1
551,0,3,0,64
552,6,0,3,5
553,6,0,2,12
554,6,0,2,7
555,6,0,3,12
556,6,0,2,1
557,6,0,3,16
558,6,0,3,20
559,6,0,3,65
560,6,0,3,23
561,6,0,3,61
562,6,0,3,52
563,6,0,2,21
564,6,0,3,48
565,6,0,2,48
566,6,0,1,0
567,6,0,3,50
568,6,0,2,43
569,6,0,1,2
570,6,0,2,29
571,6,0,3,35
572,6,0,3,67
573,6,0,3,2
574,6,0,3,6
575,6,0,3,24
576,6,0,3,38
577,6,0,3,55
578,6,0,2,2
579,6,0,2,19
580,6,0,2,36
581,6,0,2,51
582,6,0,2,66
583,6,0,1,9
584,6,0,1,13
585,6,0,1,15
586,6,0,1,24
587,6,0,1,40
588,6,1,1,54
589,6,1,0,1
590,6,1,0,18
591,6,1,0,33
592,6,1,0,50
593,6,1,0,65
594,8,3,0,67
595,8,3,0,52
596,8,3,0,35
597,8,3,0,20
598,8,3,0,3
599,8,3,1,57
600,8,3,1,42
601,8,3,1,28
602,8,3,1,10
603,8,3,1,13
604,8,3,1,8
605,8,3,1,0
606,8,3,2,51
607,8,3,2,36
608,8,3,2,19
609,8,3,2,4
610,8,3,3,58
611,8,3,3,40
612,8,3,3,26
613,8,3,3,8
614,8,3,3,0
615,8,3,2,48
616,8,3,2,63
617,8,2,2,6
618,8,2,3,64
619,8,3,2,28
620,8,3,2,17
621,8,3,2,24
622,8,3,2,55
623,8,3,2,32
624,8,3,2,58
625,8,3,2,60
626,8,3,2,38
627,8,3,2,62
628,8,3,2,42
629,8,3,2,47
630,8,3,2,64
631,8,3,2,53
632,8,3,2,66
633,2,0,0,59
634,2,0,0,67
635,2,0,1,67
636,2,0,0,61
637,2,0,0,52
638,2,0,1,63
639,2,0,0,48
640,2,0,1,37
641,2,0,1,52
642,2,0,0,41
643,2,0,1,23
644,2,0,0,33
645,2,0,0,9
646,2,0,1,16
647,2,0,0,20
648,2,0,1,14
649,2,0,1,12
650,2,0,0,58
651,2,0,0,24
652,2,0,1,35
653,2,0,1,7
654,2,0,1,9
655,2,0,1,1
656,2,0,1,5
657,2,0,1,3
658,2,0,2,67
659,2,0,2,66
660,2,0,2,65
661,2,0,2,54
662,2,0,2,60
663,2,0,2,48
664,2,0,2,51
665,2,0,2,44
666,2,0,2,41
667,2,0,2,40
668,2,0,2,32
669,2,0,2,26
670,2,0,2,30
671,2,0,2,19
672,2,0,2,21
673,2,0,2,17
674,2,0,2,10
675,2,0,2,6
676,2,0,2,2
677,2,0,3,64
678,2,1,3,67
679,2,0,3,58
680,2,1,3,59
681,2,1,3,52
682,2,0,3,49
683,2,1,3,43
684,2,0,3,42
685,2,0,3,34
686,2,1,3,37
687,2,1,3,25
688,2,1,3,27
689,2,1,1,1
690,2,1,3,23
691,2,1,3,14
692,2,1,3,20
693,2,1,3,18
694,2,1,3,7
695,2,1,2,18
696,2,1,3,3
697,2,1,2,65
698,2,1,2,23
699,2,1,2,57
700,2,1,2,25
701,2,1,2,35
702,2,1,2,61
703,2,1,2,39
704,2,1,2,63
705,2,1,3,64
706,2,1,2,43
707,2,1,3,58
708,2,1,2,48
709,2,1,2,50
710,2,1,3,55
711,2,1,2,54
712,2,1,3,51
713,2,1,3,49
714,2,1,2,1
715,2,1,2,32
716,2,1,3,16
717,2,1,3,46
718,2,1,2,2
719,2,1,2,15
720,2,1,2,4
721,2,1,3,17
722,2,1,2,17
723,4,2,3,1
724,2,1,2,21
725,2,1,2,24
726,4,2,2,21
727,2,1,2,26
728,0,0,3,7
729,0,0,3,23
730,0,0,3,20
731,0,0,2,36
732,0,0,2,30
733,0,0,3,55
734,0,0,3,53
735,0,0,3,40
736,0,0,3,44
737,0,1,3,27
738,0,0,3,28
739,0,1,3,43
740,0,1,3,39
741,0,1,3,54
742,0,1,3,52
743,0,1,2,29
744,0,1,2,35
745,0,1,3,24
746,0,1,3,21
747,0,1,3,8
748,0,2,2,25
749,0,2,2,23
750,2,3,2,20
751,0,2,2,20
752,2,3,3,2
753,0,2,3,16
754,0,2,2,16
755,0,2,2,3
756,0,2,2,14
757,0,2,3,47
758,0,2,2,1
759,0,2,3,17
760,0,2,2,31
761,0,2,3,48
762,0,2,2,2
763,0,2,3,50
764,0,2,2,55
765,0,2,2,51
766,0,2,3,54
767,0,2,2,49
768,0,2,3,57
769,0,2,3,63
770,0,2,2,44
771,0,2,2,64
772,0,2,2,40
773,0,2,2,36
774,0,2,2,62
775,0,2,2,26
776,0,2,2,58
777,0,2,2,66
778,0,2,2,24
779,0,2,3,4
780,0,2,2,19
781,0,2,3,19
782,0,2,3,8
783,0,2,3,21
784,0,2,3,15
785,0,2,1,2
786,0,2,3,24
787,0,2,3,28
788,0,2,3,26
789,0,3,3,33
790,0,2,3,38
791,0,3,3,41
792,0,2,3,44
793,0,2,3,53
794,0,3,3,48
795,0,2,3,60
796,0,3,3,57
797,0,3,3,63
798,0,2,2,0
799,0,3,2,1
800,0,3,2,5
801,0,3,2,16
802,0,3,2,9
803,0,3,2,20
804,0,3,2,18
805,0,3,2,25
806,0,3,2,29
807,0,3,2,31
808,0,3,2,39
809,0,3,2,43
810,0,3,2,42
811,0,3,2,50
812,0,3,2,49
813,0,3,2,55
814,0,3,2,59
815,0,3,2,66
816,0,3,2,65
817,0,3,1,4
818,0,3,1,0
819,0,3,1,6
820,0,3,1,2
821,0,3,1,8
822,0,3,1,9
823,0,3,1,36
824,0,3,0,23
825,0,3,1,13
826,0,3,0,57
827,0,3,1,15
828,0,3,0,21
829,0,3,0,10
830,0,3,1,17
831,0,3,0,34
832,0,3,1,24
833,0,3,1,53
834,0,3,0,42
835,0,3,1,38
836,0,3,0,49
837,0,3,0,53
838,0,3,1,64
839,0,3,0,62
840,0,3,0,0
841,0,3,0,60
842,0,3,0,67
843,6,0,2,65
844,6,0,2,52
845,6,0,2,46
846,6,0,2,63
847,6,0,2,41
848,6,0,2,61
849,6,0,2,59
850,6,0,2,37
851,6,0,2,57
852,6,0,2,31
853,6,0,2,23
854,6,0,2,54
855,6,0,2,16
856,6,0,2,27
857,6,1,3,63
858,6,1,2,5
859,6,0,2,64
860,6,0,2,49
861,6,0,3,0
862,6,0,3,7
863,6,0,3,25
864,6,0,3,39
865,6,0,3,57
866,6,0,2,3
867,6,0,2,18
868,6,0,2,35
869,6,0,2,50
870,6,0,2,67
871,6,0,1,7
872,6,0,1,12
873,6,0,1,10
874,6,0,1,27
875,6,0,1,41
876,6,0,1,58
877,6,0,0,4
878,6,0,0,21
879,6,0,0,36
880,6,0,0,53
881,6,0,0,67
882,8,3,0,66
883,8,3,0,53
884,8,3,0,38
885,8,3,0,24
886,8,3,0,6
887,8,3,1,60
888,8,3,1,44
889,8,3,1,26
890,8,3,1,15
891,8,3,0,39
892,8,3,1,25
893,8,3,1,29
894,8,2,0,64
895,8,2,3,30
896,8,3,1,7
897,8,3,1,5
898,8,3,1,3
899,8,2,1,0
900,8,2,2,58
901,8,2,2,47
902,8,2,2,40
903,8,2,2,32
904,8,2,2,26
905,8,2,2,19
906,8,2,2,10
907,8,2,2,0
908,8,2,3,60
909,8,3,1,6
910,8,3,1,4
911,2,0,0,29
912,8,3,1,2
913,2,0,0,23
914,2,0,0,16
915,2,0,0,12
916,2,0,0,7
917,2,0,0,3
918,2,0,1,65
919,2,0,0,1
920,2,0,1,57
921,2,0,1,62
922,2,0,1,53
923,2,0,1,48
924,2,0,1,47
925,2,0,1,39
926,2,0,1,33
927,2,0,1,38
928,2,0,1,27
929,2,0,1,30
930,2,0,1,24
931,2,0,1,18
932,2,0,1,17
933,2,0,1,19
934,2,0,1,15
935,2,0,1,10
936,2,0,1,55
937,2,0,1,13
938,2,0,1,32
939,2,0,1,0
940,2,0,1,6
941,2,0,1,2
942,2,0,1,8
943,2,1,1,5
944,2,0,1,4
945,2,1,1,3
946,2,1,2,67
947,2,0,2,64
948,2,1,2,59
949,2,0,2,55
950,2,0,2,49
951,2,1,2,52
952,2,1,2,41
953,2,1,2,46
954,2,1,2,37
955,2,1,2,33
956,2,1,2,31
957,2,1,2,27
958,2,1,2,20
959,2,1,2,29
960,2,1,2,9
961,2,1,2,10
962,2,1,2,8
963,2,1,2,3
964,2,1,2,0
965,2,1,3,65
966,2,1,3,61
967,2,1,3,60
968,2,1,3,40
969,2,1,3,53
970,2,1,3,42
971,2,1,3,36
972,2,1,3,38
973,2,1,3,34
974,2,1,3,32
975,2,1,3,30
976,2,1,3,8
977,2,1,3,24
978,2,1,0,7
979,2,1,3,6
980,2,1,0,3
981,2,1,3,4
982,2,1,3,0
983,2,1,1,65
984,2,1,3,2
985,2,1,1,61
986,2,1,1,57
987,2,1,2,30
988,2,1,1,52
989,2,1,0,16
990,2,1,0,12
991,2,1,1,48
992,2,1,0,9
993,4,2,1,13
994,4,2,1,15
995,4,2,1,19
996,4,2,2,14
997,4,2,1,21
998,4,2,1,24
999,4,2,3,43
1000,4,2,3,48
1001,4,2,3,23
1002,4,2,3,36
1003,4,2,3,25
1004,4,2,2,8
1005,4,2,3,9
1006,4,2,3,64
1007,0,0,0,21
1008,0,0,2,1
1009,0,0,2,3
1010,0,0,3,57
1011,0,0,3,52
1012,0,0,3,12
1013,0,0,3,9
1014,0,0,3,25
1015,0,0,3,27
1016,0,0,2,38
1017,0,0,3,6
1018,0,0,2,24
1019,0,0,3,51
1020,0,0,2,2
1021,0,0,2,8
1022,0,0,3,30
1023,0,1,3,29
1024,0,1,2,7
1025,0,1,2,1
1026,0,1,2,23
1027,0,1,3,50
1028,0,1,3,5
1029,0,1,2,37
1030,0,1,3,26
1031,0,1,3,28
1032,0,1,3,10
1033,0,1,3,13
1034,0,1,3,58
1035,0,1,3,53
1036,0,1,2,4
1037,0,1,2,2
1038,2,3,3,63
1039,0,1,0,20
1040,2,3,3,10
1041,2,3,2,7
1042,2,3,3,35
1043,2,3,3,26
1044,2,3,3,24
1045,2,3,3,49
1046,2,3,1,23
1047,2,3,3,44
1048,2,3,1,20
1049,2,3,2,15
1050,2,3,1,14
1051,2,3,1,18
1052,2,3,1,12
1053,0,2,0,10
1054,0,2,0,13
1055,0,2,1,49
1056,0,2,0,17
1057,0,2,1,53
1058,0,2,1,58
1059,0,2,2,29
1060,0,2,1,62
1061,0,2,3,1
1062,0,2,3,0
1063,0,2,1,66
1064,0,2,3,3
1065,0,2,0,4
1066,0,2,0,8
1067,0,2,3,5
1068,0,2,3,23
1069,0,2,3,7
1070,0,2,3,31
1071,0,2,3,29
1072,0,2,3,33
1073,0,2,3,37
1074,0,2,3,41
1075,0,2,3,35
1076,0,2,3,52
1077,0,2,3,39
1078,0,2,3,62
1079,0,2,3,59
1080,0,2,3,66
1081,0,2,3,67
1082,0,2,2,7
1083,0,2,2,4
1084,0,2,2,9
1085,0,2,2,10
1086,0,2,2,21
1087,0,2,2,30
1088,0,2,2,28
1089,0,2,2,32
1090,0,2,2,38
1091,0,2,2,34
1092,0,2,2,47
1093,0,2,2,42
1094,0,3,2,48
1095,0,2,2,53
1096,0,3,2,54
1097,0,2,2,60
1098,0,2,1,0
1099,0,3,2,63
1100,0,2,1,4
1101,0,3,1,3
1102,0,3,1,7
1103,0,2,1,6
1104,0,3,1,1
1105,0,3,1,5
1106,0,3,1,31
1107,0,3,2,67
1108,0,3,1,12
1109,0,3,1,54
1110,0,3,1,14
1111,0,3,1,10
1112,0,3,1,18
1113,0,3,1,16
1114,0,3,1,23
1115,0,3,1,19
1116,0,3,1,29
1117,0,3,1,28
1118,0,3,1,34
1119,0,3,1,37
1120,0,3,1,40
1121,0,3,1,46
1122,0,3,1,52
1123,0,3,1,49
1124,0,3,1,61
1125,0,3,1,58
1126,0,3,1,66
1127,0,3,0,2
1128,0,3,0,4
1129,0,3,0,8
1130,0,3,0,17
1131,0,3,0,13
1132,0,3,0,24
1133,6,0,1,1
1134,6,0,1,3
1135,0,3,0,30
1136,6,0,1,5
1137,6,1,3,59
1138,6,1,3,67
1139,6,1,2,9
1140,6,1,2,18
1141,6,1,2,25
1142,6,1,2,31
1143,6,1,2,39
1144,6,1,2,46
1145,6,1,2,57
1146,6,1,2,67
1147,6,0,1,4
1148,6,0,1,6
1149,6,0,1,8
1150,6,1,3,29
1151,6,1,0,63
1152,6,0,1,30
1153,6,0,1,26
1154,6,0,0,40
1155,6,0,1,14
1156,6,0,1,25
1157,6,0,1,43
1158,6,0,1,59
1159,6,0,0,5
1160,6,0,0,23
1161,6,0,0,37
1162,6,0,0,52
1163,6,0,0,65
1164,8,3,0,58
1165,8,3,0,42
1166,8,3,0,28
1167,8,3,0,15
1168,8,3,0,2
1169,8,3,1,58
1170,8,3,1,47
1171,8,3,1,32
1172,8,3,0,43
1173,8,3,0,33
1174,8,3,0,27
1175,8,3,1,20
1176,8,3,1,31
1177,8,3,2,21
1178,8,3,1,41
1179,8,3,3,55
1180,8,2,1,2
1181,8,2,2,60
1182,8,2,2,51
1183,8,2,2,42
1184,8,2,2,36
1185,8,2,2,28
1186,8,2,2,21
1187,8,2,2,13
1188,2,0,0,65
1189,2,0,0,53
1190,2,0,0,36
1191,2,0,0,28
1192,2,0,0,19
1193,2,0,0,26
1194,2,0,0,13
1195,2,0,0,17
1196,2,0,0,8
1197,2,0,0,4
1198,2,1,0,1
1199,2,0,1,64
1200,2,0,1,58
1201,2,1,1,63
1202,2,0,1,51
1203,2,1,1,54
1204,2,1,1,43
1205,2,0,1,44
1206,2,1,1,39
1207,2,0,1,34
1208,9,1,0,41
1209,2,1,1,31
1210,2,1,1,27
1211,2,1,1,29
1212,2,1,1,18
1213,2,1,1,25
1214,2,1,1,16
1215,2,1,1,23
1216,2,1,1,20
1217,2,1,1,14
1218,2,1,1,12
1219,9,0,3,5
1220,9,0,3,1
1221,2,1,1,9
1222,2,1,1,8
1223,2,1,1,7
1224,2,1,1,2
1225,2,1,1,6
1226,2,1,2,64
1227,2,1,1,0
1228,2,1,2,62
1229,2,1,2,58
1230,2,1,2,55
1231,2,1,2,49
1232,2,1,2,42
1233,2,1,2,47
1234,2,1,2,34
1235,2,1,2,44
1236,2,1,0,19
1237,2,1,2,28
1238,2,1,0,17
1239,2,1,2,19
1240,2,1,2,13
1241,2,1,0,13
1242,2,1,2,6
1243,2,1,0,6
1244,2,1,0,4
1245,2,1,3,66
1246,2,1,1,28
1247,2,1,3,62
1248,2,1,1,33
1249,2,1,1,32
1250,2,1,1,35
1251,2,1,1,38
1252,2,1,1,42
1253,2,1,1,37
1254,2,1,1,44
1255,2,1,1,46
1256,2,1,0,20
1257,2,1,1,47
1258,2,1,0,25
1259,2,1,1,49
1260,2,1,1,53
1261,2,1,0,27
1262,2,1,1,58
1263,2,1,0,29
1264,4,2,2,67
1265,2,1,1,60
1266,4,2,2,48
1267,4,2,2,52
1268,4,2,1,1
1269,4,2,2,43
1270,4,2,3,52
1271,4,2,1,5
1272,4,2,3,54
1273,4,2,3,37
1274,4,2,3,39
1275,4,2,3,12
1276,4,2,3,26
1277,4,2,3,14
1278,4,2,2,13
1279,4,2,3,30
1280,4,2,2,10
1281,4,3,3,15
1282,4,3,3,7
1283,4,3,2,7
1284,0,0,0,26
1285,0,0,0,24
1286,0,0,2,7
1287,0,0,2,5
1288,0,0,3,59
1289,0,0,3,61
1290,0,0,3,14
1291,0,0,3,16
1292,0,0,3,33
1293,0,0,3,29
1294,0,0,3,2
1295,0,0,3,4
1296,0,0,2,21
1297,0,0,2,17
1298,0,0,2,0
1299,0,0,3,66
1300,0,1,3,41
1301,0,0,3,42
1302,0,1,3,65
1303,0,1,3,67
1304,0,1,2,20
1305,0,1,2,16
1306,0,1,3,3
1307,0,1,3,1
1308,0,1,3,34
1309,0,1,3,30
1310,0,1,3,17
1311,0,1,3,15
1312,0,1,3,60
1313,0,1,3,62
1314,0,1,2,6
1315,0,1,2,8
1316,0,1,0,25
1317,0,1,0,23
1318,2,2,2,8
1319,2,2,3,8
1320,2,3,2,9
1321,2,2,3,14
1322,2,3,3,29
1323,2,3,2,12
1324,2,3,3,25
1325,2,3,3,15
1326,2,3,3,13
1327,2,3,3,40
1328,2,3,3,55
1329,2,3,3,38
1330,2,3,1,6
1331,2,3,3,53
1332,2,3,1,2
1333,2,3,2,44
1334,2,3,2,53
1335,2,3,2,49
1336,2,3,1,0
1337,0,2,1,59
1338,0,2,0,30
1339,0,2,1,57
1340,0,2,1,52
1341,0,2,0,28
1342,0,2,1,48
1343,0,2,0,26
1344,0,2,0,21
1345,0,2,1,46
1346,0,2,1,47
1347,0,2,1,43
1348,0,2,1,41
1349,0,2,1,38
1350,0,2,1,37
1351,0,2,1,36
1352,0,2,1,34
1353,0,2,1,31
1354,0,2,3,61
1355,0,2,1,27
1356,0,2,0,3
1357,0,2,3,65
1358,0,2,0,5
1359,0,2,2,5
1360,0,2,2,12
1361,0,2,0,12
1362,0,2,2,18
1363,0,2,0,16
1364,0,2,0,18
1365,0,2,2,27
1366,0,2,2,43
1367,0,2,2,33
1368,0,2,2,41
1369,0,2,2,46
1370,0,2,2,48
1371,0,2,2,54
1372,0,2,2,61
1373,0,2,2,57
1374,0,2,2,67
1375,0,2,2,63
1376,0,2,1,1
1377,0,2,1,5
1378,0,2,1,8
1379,0,2,1,7
1380,5,3,3,2
1381,0,2,1,9
1382,5,3,3,6
1383,0,2,1,13
1384,0,2,1,21
1385,0,2,1,15
1386,0,2,1,24
1387,0,2,1,17
1388,0,2,1,19
1389,0,2,1,26
1390,0,2,1,30
1391,0,2,1,28
1392,5,2,0,42
1393,0,2,1,32
1394,0,3,1,33
1395,0,2,1,40
1396,0,2,1,44
1397,0,3,1,43
1398,0,2,1,55
1399,0,3,1,50
1400,0,3,1,57
1401,0,2,1,64
1402,0,3,1,63
1403,0,2,0,2
1404,0,3,0,7
1405,0,3,0,3
1406,0,3,0,16
1407,0,3,0,12
1408,0,3,0,18
1409,0,3,0,25
1410,0,3,0,27
1411,0,3,0,35
1412,0,3,0,52
1413,0,3,0,66
1414,6,1,2,12
1415,6,1,2,20
1416,6,1,2,27
1417,6,1,2,35
1418,6,1,2,41
1419,6,1,2,50
1420,6,1,2,59
1421,6,1,1,1
1422,6,0,3,54
1423,6,0,1,42
1424,6,0,2,20
1425,6,0,1,32
1426,6,0,1,21
1427,6,0,0,28
1428,6,0,0,34
1429,6,0,0,44
1430,6,0,1,31
1431,6,0,1,46
1432,6,0,1,57
1433,6,0,0,1
1434,6,0,0,14
1435,6,0,0,27
1436,6,0,0,41
1437,6,0,0,57
1438,8,3,0,60
1439,8,3,0,44
1440,8,3,0,30
1441,8,3,0,17
1442,8,3,0,4
1443,8,3,1,62
1444,8,3,1,49
1445,8,3,1,34
1446,8,3,1,19
1447,8,3,0,50
1448,8,3,0,46
1449,8,3,0,37
1450,8,3,0,29
1451,8,3,1,27
1452,8,3,1,35
1453,8,3,1,37
1454,8,2,1,4
1455,8,2,2,62
1456,8,2,2,53
1457,8,2,2,44
1458,8,2,2,38
1459,8,2,2,30
1460,8,2,2,24
1461,8,2,2,15
1462,2,0,0,66
1463,2,1,0,61
1464,2,1,0,48
1465,2,1,0,31
1466,2,1,0,23
1467,2,1,0,14
1468,2,1,0,18
1469,2,1,0,5
1470,2,1,0,10
1471,2,1,0,2
1472,2,1,1,67
1473,2,1,1,64
1474,2,1,1,59
1475,2,1,1,50
1476,2,1,1,55
1477,2,1,1,41
1478,2,1,1,51
1479,2,1,1,40
1480,2,1,1,36
1481,2,1,1,34
1482,2,1,1,30
1483,2,1,1,21
1484,2,1,1,26
1485,2,1,1,13
1486,2,1,1,19
1487,2,1,0,67
1488,2,1,1,10
1489,9,0,3,41
1490,2,1,0,57
1491,2,1,0,59
1492,9,0,3,37
1493,2,1,0,63
1494,9,0,3,33
1495,9,0,3,23
1496,2,1,0,65
1497,9,0,2,47
1498,2,1,0,28
1499,2,1,0,54
1500,2,1,0,47
1501,2,1,0,52
1502,2,1,0,44
1503,2,1,0,51
1504,2,1,0,24
1505,2,1,0,60
1506,2,1,0,21
1507,2,1,0,50
1508,2,1,0,62
1509,2,1,0,46
1510,2,1,0,64
1511,4,2,1,29
1512,2,1,0,43
1513,4,2,0,1
1514,2,1,0,41
1515,2,1,0,39
1516,4,2,0,5
1517,2,1,0,37
1518,4,2,0,7
1519,4,2,0,12
1520,2,1,0,35
1521,4,2,0,14
1522,2,1,0,33
1523,2,1,1,62
1524,4,2,1,35
1525,2,1,1,66
1526,4,2,1,61
1527,4,2,1,49
1528,2,1,0,0
1529,4,2,0,6
1530,2,1,1,15
1531,2,1,1,17
1532,4,2,1,55
1533,2,1,1,24
1534,4,2,2,31
1535,4,2,2,59
1536,4,2,2,54
1537,4,2,2,55
1538,4,2,2,63
1539,4,2,2,7
1540,4,2,3,29
1541,4,2,3,31
1542,4,2,3,47
1543,4,2,3,17
1544,4,2,3,53
1545,4,3,3,25
1546,4,2,3,21
1547,4,3,3,12
1548,4,3,2,14
1549,4,3,2,12
1550,4,3,2,33
1551,4,3,2,23
1552,4,3,2,9
1553,4,3,2,16
1554,4,3,2,5
1555,0,0,0,34
1556,0,0,0,36
1557,0,0,2,9
1558,9,2,2,6
1559,0,0,3,65
1560,0,0,3,63
1561,0,0,3,39
1562,0,0,3,37
1563,0,0,3,5
1564,0,0,3,3
1565,0,0,3,15
1566,0,0,3,17
1567,0,0,2,13
1568,0,0,2,15
1569,0,0,3,13
1570,0,0,1,35
1571,0,0,3,8
1572,0,1,3,7
1573,0,1,1,36
1574,0,1,3,12
1575,0,1,2,12
1576,0,1,2,14
1577,0,1,3,16
1578,0,1,3,14
1579,0,1,3,6
1580,0,1,3,4
1581,0,1,3,38
1582,0,1,3,40
1583,0,1,3,66
1584,0,1,3,64
1585,5,1,2,5
1586,0,1,2,10
1587,0,1,0,33
1588,0,1,0,35
1589,2,2,2,6
1590,2,2,2,17
1591,2,2,2,24
1592,2,2,2,10
1593,2,2,2,34
1594,2,2,2,13
1595,2,2,3,13
1596,2,2,2,15
1597,2,3,3,20
1598,2,2,3,26
1599,2,3,3,16
1600,2,3,3,52
1601,2,3,3,46
1602,2,3,3,32
1603,2,3,2,8
1604,2,3,3,30
1605,2,3,2,64
1606,2,3,2,54
1607,2,3,2,60
1608,2,3,2,55
1609,2,3,2,32
1610,0,2,1,23
1611,0,2,1,16
1612,2,3,1,54
1613,0,2,1,14
1614,2,3,0,5
1615,2,3,1,48
1616,0,2,1,67
1617,2,3,1,62
1618,0,2,1,65
1619,0,2,1,61
1620,2,3,1,36
1621,0,2,0,34
1622,2,3,0,15
1623,2,3,0,13
1624,0,2,0,36
1625,2,3,0,8
1626,0,2,0,38
1627,0,2,0,40
1628,2,3,0,6
1629,0,2,0,42
1630,2,3,0,2
1631,2,3,1,30
1632,0,2,0,44
1633,0,2,0,63
1634,0,2,0,47
1635,0,2,0,51
1636,0,2,0,61
1637,0,2,0,20
1638,0,2,0,59
1639,0,2,0,50
1640,0,2,0,23
1641,0,2,0,43
1642,0,2,0,53
1643,0,2,0,55
1644,0,2,0,46
1645,0,2,0,27
1646,5,3,2,46
1647,5,3,3,24
1648,0,2,0,66
1649,5,3,3,34
1650,0,2,0,64
1651,0,2,0,60
1652,5,3,3,38
1653,0,2,0,58
1654,5,3,3,42
1655,0,2,0,67
1656,0,2,1,10
1657,0,2,1,18
1658,0,2,1,12
1659,0,2,1,20
1660,0,2,1,25
1661,0,2,1,29
1662,0,2,1,33
1663,0,2,1,39
1664,0,2,1,35
1665,0,2,1,50
1666,0,2,1,42
1667,0,2,1,51
1668,0,2,1,54
1669,0,2,1,60
1670,0,2,1,63
1671,0,2,0,1
1672,0,2,0,0
1673,0,2,0,9
1674,0,2,0,6
1675,0,2,0,15
1676,0,2,0,19
1677,0,2,0,24
1678,0,2,0,32
1679,0,2,0,49
1680,0,2,0,62
1681,0,3,0,65
1682,6,1,2,14
1683,6,1,2,23
1684,6,1,2,29
1685,6,1,2,37
1686,6,1,2,43
1687,6,1,2,52
1688,6,1,2,61
1689,6,1,1,3
1690,6,0,1,38
1691,6,0,1,36
1692,6,0,1,28
1693,6,0,0,30
1694,6,0,0,38
1695,6,0,0,47
1696,6,0,0,51
1697,6,0,1,18
1698,6,0,1,33
1699,6,0,1,48
1700,6,0,1,61
1701,6,0,0,3
1702,6,0,0,16
1703,6,0,0,29
1704,6,0,0,43
1705,6,0,0,59
1706,8,3,0,62
1707,8,3,0,47
1708,8,3,0,32
1709,8,3,0,19
1710,8,3,0,8
1711,8,3,1,64
1712,8,3,1,51
1713,8,3,1,36
1714,8,3,1,21
1715,8,3,1,16
1716,8,3,0,61
1717,8,3,0,54
1718,8,3,0,41
1719,8,3,0,31
1720,8,3,1,18
1721,8,3,1,33
1722,8,2,1,6
1723,8,2,2,64
1724,8,2,2,55
1725,9,0,2,63
1726,9,0,2,64
1727,9,0,2,46
1728,9,0,2,39
1729,9,0,2,35
1730,9,0,2,29
1731,2,1,0,66
1732,2,1,0,55
1733,2,1,0,40
1734,2,1,0,26
1735,2,1,0,15
1736,2,1,0,8
1737,9,0,2,14
1738,9,0,2,16
1739,9,0,2,9
1740,9,0,2,7
1741,9,0,3,67
1742,9,0,2,1
1743,9,0,3,59
1744,9,0,3,54
1745,9,0,3,65
1746,9,0,3,50
1747,9,0,3,57
1748,9,0,3,48
1749,9,0,3,46
1750,9,0,3,39
1751,9,0,3,52
1752,9,0,3,43
1753,9,0,3,29
1754,9,0,3,35
1755,9,0,3,25
1756,9,0,3,14
1757,9,0,2,42
1758,9,0,2,51
1759,9,0,3,20
1760,9,0,3,9
1761,9,0,2,40
1762,9,0,2,44
1763,9,0,2,32
1764,9,0,2,24
1765,2,1,0,38
1766,9,0,2,13
1767,2,1,0,34
1768,2,1,0,30
1769,9,0,2,2
1770,2,1,0,42
1771,2,1,0,36
1772,2,1,0,32
1773,2,1,0,49
1774,9,0,3,53
1775,2,1,0,53
1776,2,1,0,58
1777,9,0,3,8
1778,4,2,1,27
1779,4,2,1,20
1780,4,2,1,39
1781,4,2,1,67
1782,4,2,1,46
1783,4,2,0,3
1784,4,2,0,9
1785,4,2,1,57
1786,4,2,1,50
1787,4,2,0,28
1788,4,2,1,28
1789,4,2,0,30
1790,4,2,0,0
1791,4,2,1,26
1792,4,2,0,4
1793,4,2,1,62
1794,4,2,1,60
1795,4,2,2,27
1796,4,2,3,61
1797,4,2,2,29
1798,4,2,2,40
1799,4,2,3,67
1800,4,2,2,47
1801,4,2,2,26
1802,4,2,3,27
1803,4,2,3,13
1804,4,2,3,44
1805,4,2,1,0
1806,4,3,3,19
1807,4,2,3,15
1808,4,3,3,5
1809,4,3,2,18
1810,4,3,2,29
1811,4,3,3,30
1812,4,3,3,34
1813,4,3,2,50
1814,4,3,3,38
1815,4,3,3,8
1816,4,3,3,24
1817,4,3,3,51
1818,4,3,3,28
1819,4,3,3,53
1820,0,0,0,40
1821,0,0,0,38
1822,0,0,1,55
1823,0,0,0,19
1824,0,0,2,41
1825,0,0,2,48
1826,0,0,2,14
1827,0,0,2,16
1828,0,0,3,41
1829,0,0,3,1
1830,0,0,3,35
1831,0,0,1,4
1832,0,0,2,47
1833,0,0,2,40
1834,0,0,3,0
1835,0,0,2,51
1836,0,1,3,9
1837,0,0,3,10
1838,0,1,2,50
1839,0,1,3,0
1840,0,1,2,46
1841,0,1,2,39
1842,0,1,1,3
1843,0,1,3,36
1844,0,1,3,42
1845,0,1,3,2
1846,0,1,2,17
1847,0,1,2,15
1848,0,1,2,42
1849,0,1,2,49
1850,0,1,0,18
1851,0,1,1,54
1852,0,1,0,39
1853,0,1,0,37
1854,2,2,3,52
1855,2,2,3,27
1856,2,2,3,23
1857,2,2,3,50
1858,2,2,3,7
1859,2,2,3,37
1860,2,2,3,33
1861,2,2,2,51
1862,2,2,3,29
1863,2,2,2,30
1864,2,2,3,6
1865,2,2,2,19
1866,2,3,3,14
1867,2,2,3,18
1868,2,3,3,43
1869,2,3,2,67
1870,2,3,3,12
1871,2,3,3,28
1872,2,3,2,46
1873,2,3,2,25
1874,2,3,2,0
1875,2,3,2,39
1876,2,3,3,62
1877,2,3,2,30
1878,2,3,2,28
1879,2,3,1,59
1880,2,3,0,3
1881,2,3,1,61
1882,2,3,1,25
1883,2,3,1,67
1884,2,3,1,27
1885,2,3,0,29
1886,2,3,0,27
1887,2,3,1,51
1888,2,3,0,10
1889,2,3,1,58
1890,2,3,0,4
1891,2,3,1,47
1892,2,3,1,40
1893,2,3,0,0
1894,2,3,1,21
1895,2,3,1,28
1896,0,2,0,57
1897,5,3,3,7
1898,0,2,0,52
1899,5,3,3,52
1900,0,2,0,31
1901,0,2,0,48
1902,0,2,0,35
1903,0,2,0,41
1904,0,2,0,29
1905,5,3,2,1
1906,0,2,0,33
1907,5,3,2,12
1908,5,3,2,23
1909,0,2,0,37
1910,5,3,2,31
1911,5,3,2,43
1912,5,3,3,10
1913,5,3,2,39
1914,5,3,3,21
1915,5,3,2,50
1916,5,3,3,15
1917,5,3,2,41
1918,5,3,3,26
1919,5,3,3,36
1920,5,3,3,44
1921,5,3,3,30
1922,5,3,3,53
1923,5,3,3,40
1924,5,3,3,49
1925,5,3,3,47
1926,5,3,3,58
1927,5,3,3,51
1928,5,3,3,55
1929,5,3,3,66
1930,5,3,3,60
1931,5,3,2,2
1932,5,3,2,8
1933,5,3,2,0
1934,5,3,2,10
1935,5,3,2,17
1936,0,2,0,7
1937,5,3,2,15
1938,0,2,0,14
1939,0,2,0,25
1940,0,2,0,39
1941,0,2,0,54
1942,0,2,0,65
1943,5,3,2,30
1944,5,3,2,36
1945,5,3,2,40
1946,5,3,2,47
1947,5,3,2,63
1948,5,3,2,64
1949,6,1,2,54
1950,6,1,2,63
1951,6,1,1,5
1952,6,0,1,34
1953,6,0,1,19
1954,6,0,0,32
1955,6,0,0,42
1956,6,0,0,55
1957,6,0,0,62
1958,6,0,1,17
1959,6,0,1,20
1960,6,0,1,35
1961,6,0,1,50
1962,6,0,1,63
1963,6,0,0,7
1964,6,0,0,18
1965,6,0,0,31
1966,6,0,0,46
1967,6,0,0,61
1968,8,3,0,64
1969,8,3,0,49
1970,8,3,0,34
1971,8,3,0,21
1972,8,3,0,10
1973,8,3,1,66
1974,8,3,1,53
1975,8,3,1,38
1976,8,3,1,24
1977,8,3,1,17
1978,8,3,0,63
1979,8,3,0,59
1980,8,3,0,57
1981,8,3,0,48
1982,9,0,1,18
1983,9,0,0,2
1984,9,0,1,55
1985,9,0,1,7
1986,9,0,1,3
1987,9,0,2,65
1988,9,0,2,59
1989,9,0,2,50
1990,9,0,2,41
1991,9,0,2,37
1992,9,0,2,31
1993,9,0,2,5
1994,9,0,3,27
1995,9,0,3,7
1996,9,0,2,38
1997,9,0,2,19
1998,9,0,3,12
1999,9,0,2,34
2000,9,0,3,44
2001,9,0,2,30
2002,9,0,3,40
2003,9,0,3,36
2004,9,0,2,26
2005,9,0,3,30
2006,9,0,2,15
2007,9,0,2,10
2008,9,0,3,26
2009,9,0,2,4
2010,9,0,3,21
2011,9,0,3,10
2012,9,0,3,60
2013,9,0,3,2
2014,9,0,3,55
2015,9,0,3,51
2016,9,1,3,27
2017,9,0,2,36
2018,9,1,3,23
2019,9,0,3,49
2020,9,0,2,28
2021,9,0,3,42
2022,9,0,2,17
2023,9,0,2,8
2024,9,0,3,38
2025,9,0,3,66
2026,9,0,3,34
2027,9,0,3,24
2028,9,0,3,62
2029,9,0,3,4
2030,9,0,3,58
2031,9,0,3,28
2032,9,1,3,25
2033,9,0,3,17
2034,9,1,3,16
2035,4,2,0,40
2036,9,1,3,20
2037,4,2,1,43
2038,4,2,1,18
2039,4,2,1,41
2040,4,2,1,48
2041,4,2,0,20
2042,4,2,0,8
2043,4,2,1,34
2044,4,2,0,26
2045,4,2,1,58
2046,4,2,1,32
2047,4,2,1,66
2048,4,2,2,39
2049,4,2,1,64
2050,4,2,3,59
2051,4,2,2,49
2052,4,2,2,12
2053,4,2,2,32
2054,4,2,2,58
2055,4,2,2,34
2056,4,2,3,32
2057,4,2,2,64
2058,4,2,3,34
2059,4,3,3,14
2060,4,2,3,8
2061,4,3,3,52
2062,4,3,3,33
2063,4,3,3,43
2064,4,3,2,25
2065,4,3,2,20
2066,4,3,3,49
2067,4,3,2,2
2068,4,3,3,44
2069,4,3,2,19
2070,4,3,3,58
2071,4,3,3,62
2072,4,3,2,24
2073,4,3,3,66
2074,4,3,2,28
2075,4,3,2,34
2076,4,3,2,6
2077,4,3,2,38
2078,4,3,2,13
2079,0,0,0,42
2080,0,0,0,44
2081,0,0,1,53
2082,0,0,1,49
2083,0,0,2,52
2084,0,0,2,50
2085,0,0,2,20
2086,0,0,2,18
2087,0,0,3,46
2088,0,0,3,48
2089,0,0,3,18
2090,0,0,3,31
2091,0,0,3,32
2092,0,0,3,21
2093,0,0,2,66
2094,0,0,2,53
2095,0,0,3,19
2096,0,1,3,18
2097,0,1,2,52
2098,0,1,2,65
2099,0,1,3,31
2100,0,1,3,20
2101,0,1,3,32
2102,0,1,3,19
2103,0,1,3,47
2104,0,1,3,49
2105,0,1,2,19
2106,0,1,2,21
2107,0,1,2,53
2108,0,1,2,51
2109,0,1,1,48
2110,0,1,1,52
2111,0,1,0,41
2112,0,1,0,43
2113,2,2,2,12
2114,2,2,2,37
2115,2,2,2,33
2116,2,2,2,5
2117,2,2,2,27
2118,2,2,3,65
2119,2,2,3,61
2120,2,2,2,23
2121,2,2,3,57
2122,2,2,2,18
2123,2,2,2,1
2124,2,2,3,43
2125,2,2,3,48
2126,2,2,2,21
2127,2,2,3,44
2128,2,2,2,26
2129,2,2,3,34
2130,2,2,3,53
2131,2,2,3,15
2132,2,3,3,7
2133,2,3,3,33
2134,2,3,2,63
2135,2,3,2,33
2136,2,3,3,31
2137,2,3,2,57
2138,2,3,2,31
2139,2,3,2,48
2140,2,3,2,13
2141,2,3,3,60
2142,2,3,1,63
2143,2,3,1,65
2144,2,3,2,40
2145,2,3,1,31
2146,2,3,1,57
2147,2,3,1,33
2148,2,3,0,25
2149,2,3,0,7
2150,2,3,0,21
2151,2,3,1,42
2152,2,3,1,49
2153,2,3,1,19
2154,2,3,1,44
2155,2,3,0,39
2156,5,2,3,21
2157,5,2,3,17
2158,5,3,3,16
2159,5,3,3,27
2160,5,2,3,26
2161,5,3,3,57
2162,5,3,3,3
2163,5,3,3,23
2164,5,3,3,61
2165,5,3,3,33
2166,5,3,3,65
2167,5,3,2,7
2168,5,3,3,37
2169,5,3,2,16
2170,5,3,3,41
2171,5,3,3,48
2172,5,3,2,27
2173,5,2,3,24
2174,5,3,2,35
2175,5,3,3,50
2176,5,2,3,28
2177,5,3,3,54
2178,5,3,3,1
2179,5,3,3,9
2180,5,3,3,59
2181,5,3,3,20
2182,5,3,2,3
2183,5,3,2,9
2184,5,3,3,25
2185,5,3,2,14
2186,5,3,3,29
2187,5,3,3,35
2188,5,3,2,25
2189,5,3,3,39
2190,5,3,2,29
2191,5,3,2,33
2192,5,3,3,43
2193,5,3,3,13
2194,5,3,2,18
2195,5,3,2,37
2196,5,3,3,8
2197,5,3,3,28
2198,5,3,2,6
2199,5,3,2,32
2200,5,3,2,38
2201,5,3,2,42
2202,5,3,2,51
2203,5,3,2,60
2204,5,3,2,66
2205,5,3,1,4
2206,5,3,1,8
2207,5,3,1,54
2208,5,3,0,1
2209,5,3,1,19
2210,6,0,0,49
2211,6,0,0,58
2212,6,0,0,60
2213,6,0,0,64
2214,6,0,1,16
2215,6,0,1,23
2216,6,0,1,37
2217,6,0,1,52
2218,6,0,1,65
2219,6,0,0,9
2220,6,0,0,20
2221,6,0,0,33
2222,6,0,0,48
2223,6,0,0,63
2224,8,3,0,51
2225,8,3,0,36
2226,8,3,0,26
2227,8,3,0,13
2228,8,3,0,0
2229,8,3,1,55
2230,8,3,1,40
2231,8,3,1,30
2232,9,0,1,67
2233,9,0,1,59
2234,9,0,1,48
2235,9,0,1,35
2236,9,0,1,27
2237,9,0,1,20
2238,9,0,0,10
2239,9,0,1,60
2240,9,0,1,9
2241,9,0,1,5
2242,9,0,1,1
2243,9,0,2,61
2244,9,0,2,52
2245,9,0,2,60
2246,9,0,2,53
2247,9,0,3,63
2248,9,0,3,18
2249,9,0,3,64
2250,9,0,3,6
2251,9,1,3,9
2252,9,1,3,48
2253,9,0,3,13
2254,9,1,3,18
2255,9,1,3,14
2256,9,1,3,29
2257,9,1,3,31
2258,9,1,2,12
2259,9,1,2,16
2260,9,1,3,37
2261,9,1,2,23
2262,9,1,3,41
2263,9,1,3,52
2264,9,1,2,27
2265,9,1,3,63
2266,9,1,2,37
2267,9,1,2,41
2268,9,1,3,67
2269,9,1,2,46
2270,9,1,2,3
2271,9,1,2,7
2272,9,1,2,54
2273,9,1,3,12
2274,9,1,2,5
2275,9,1,2,1
2276,9,1,3,3
2277,9,1,3,65
2278,9,1,3,33
2279,9,1,3,39
2280,9,1,3,61
2281,9,1,3,43
2282,9,1,3,54
2283,4,2,0,24
2284,9,1,3,50
2285,4,2,1,36
2286,4,2,0,38
2287,4,2,1,12
2288,4,2,1,51
2289,4,2,1,59
2290,4,2,1,30
2291,4,2,3,7
2292,4,2,1,44
2293,4,2,3,3
2294,9,1,0,47
2295,4,2,2,37
2296,4,2,3,5
2297,4,2,2,1
2298,4,2,3,2
2299,4,2,3,0
2300,4,2,2,5
2301,4,2,2,19
2302,4,2,2,44
2303,4,2,2,62
2304,4,3,2,67
2305,4,2,3,58
2306,4,3,3,29
2307,4,3,3,18
2308,4,2,3,49
2309,4,3,3,50
2310,4,3,3,16
2311,4,3,3,46
2312,4,3,2,48
2313,4,3,2,31
2314,4,3,1,27
2315,4,3,1,20
2316,4,3,3,40
2317,4,3,1,16
2318,4,3,1,29
2319,4,3,2,17
2320,4,3,1,14
2321,4,3,2,40
2322,4,3,1,33
2323,4,3,2,62
2324,4,3,2,49
2325,4,3,2,66
2326,4,3,2,51
2327,4,3,2,53
2328,4,3,1,2
2329,4,3,2,58
2330,9,3,2,14
2331,0,0,1,16
2332,0,0,1,14
2333,0,0,1,58
2334,0,0,1,47
2335,0,0,2,54
2336,0,0,1,40
2337,0,0,2,33
2338,0,0,2,23
2339,0,0,2,35
2340,0,0,3,50
2341,0,0,3,54
2342,0,0,3,43
2343,0,0,3,47
2344,0,0,3,60
2345,0,0,2,55
2346,0,0,3,64
2347,0,1,3,48
2348,0,0,3,49
2349,0,1,3,63
2350,0,1,2,54
2351,0,1,3,46
2352,0,1,3,59
2353,0,1,3,44
2354,0,1,3,55
2355,0,1,2,36
2356,0,1,3,51
2357,0,1,2,24
2358,0,1,2,34
2359,0,1,2,55
2360,0,1,1,39
2361,0,1,1,46
2362,0,1,1,57
2363,0,1,1,17
2364,0,1,1,15
2365,5,0,2,15
2366,2,2,2,57
2367,2,2,2,52
2368,2,2,1,1
2369,2,2,2,50
2370,2,2,2,65
2371,2,2,2,61
2372,2,2,2,48
2373,2,2,1,34
2374,2,2,2,39
2375,2,2,2,16
2376,2,2,1,15
2377,2,2,1,30
2378,2,2,1,17
2379,2,2,1,21
2380,2,2,3,39
2381,2,2,1,28
2382,2,2,2,32
2383,2,2,3,47
2384,2,2,2,49
2385,2,2,3,17
2386,2,2,3,51
2387,2,2,3,19
2388,2,3,3,48
2389,2,2,3,30
2390,2,3,3,57
2391,2,3,2,61
2392,2,2,1,0
2393,2,3,2,43
2394,2,3,2,18
2395,2,3,3,0
2396,2,3,2,6
2397,2,3,3,1
2398,2,3,2,2
2399,2,3,2,38
2400,2,3,3,6
2401,5,2,0,46
2402,2,3,3,4
2403,2,3,3,8
2404,2,3,1,43
2405,2,3,1,29
2406,2,3,1,60
2407,2,3,1,13
2408,2,3,1,50
2409,2,3,0,37
2410,2,3,1,35
2411,2,3,0,23
2412,5,2,3,51
2413,5,2,3,55
2414,5,2,3,44
2415,5,2,3,40
2416,5,2,3,62
2417,5,2,3,34
2418,5,2,3,66
2419,5,2,2,2
2420,5,2,3,4
2421,5,2,2,6
2422,5,2,3,13
2423,5,2,2,8
2424,5,2,2,55
2425,5,2,2,4
2426,5,2,2,47
2427,5,2,2,42
2428,5,2,2,0
2429,5,2,2,38
2430,5,2,3,64
2431,5,2,3,53
2432,5,2,2,28
2433,5,2,3,42
2434,5,2,2,24
2435,5,2,2,17
2436,5,2,3,38
2437,5,2,2,13
2438,5,2,3,32
2439,5,2,3,15
2440,5,2,3,30
2441,5,2,3,19
2442,5,3,3,12
2443,5,2,3,49
2444,5,2,3,10
2445,5,3,3,5
2446,5,3,3,63
2447,5,3,3,19
2448,5,3,3,64
2449,5,3,2,52
2450,5,3,2,59
2451,5,3,2,53
2452,5,3,2,62
2453,5,3,1,2
2454,5,3,1,6
2455,5,3,1,9
2456,5,3,1,59
2457,5,3,0,9
2458,5,3,1,21
2459,5,3,1,28
2460,5,3,1,36
2461,5,3,1,49
2462,5,3,1,60
2463,5,3,0,0
2464,6,0,1,29
2465,6,0,1,39
2466,6,0,1,54
2467,6,0,1,67
2468,6,0,0,12
2469,6,0,0,25
2470,6,0,0,35
2471,6,0,0,50
2472,8,3,0,55
2473,8,3,0,40
2474,9,0,0,41
2475,9,0,0,29
2476,9,0,0,42
2477,9,0,0,32
2478,9,0,0,20
2479,9,0,0,9
2480,9,0,0,1
2481,9,0,1,63
2482,9,0,1,52
2483,9,0,1,37
2484,9,0,1,29
2485,9,0,1,23
2486,9,0,0,24
2487,9,0,1,64
2488,9,0,1,51
2489,9,0,1,6
2490,9,0,2,66
2491,9,0,2,58
2492,9,0,2,27
2493,9,0,2,23
2494,9,0,2,20
2495,9,0,2,18
2496,9,0,2,0
2497,9,0,3,15
2498,9,1,3,57
2499,9,1,2,50
2500,9,1,3,49
2501,9,1,3,55
2502,9,1,3,44
2503,9,1,3,2
2504,9,1,3,6
2505,9,1,3,36
2506,9,1,3,13
2507,9,1,3,40
2508,9,1,3,26
2509,9,1,3,17
2510,9,1,3,4
2511,9,1,3,21
2512,9,1,3,32
2513,9,1,3,15
2514,9,1,2,39
2515,9,1,2,52
2516,9,1,2,48
2517,9,1,2,29
2518,9,1,2,43
2519,9,1,2,25
2520,9,1,2,18
2521,9,1,2,35
2522,9,1,2,14
2523,4,2,0,44
2524,4,2,0,17
2525,9,1,2,9
2526,4,2,1,63
2527,4,2,0,19
2528,4,2,1,53
2529,4,2,1,40
2530,4,2,1,42
2531,4,2,3,41
2532,4,2,3,35
2533,4,2,3,20
2534,4,2,3,33
2535,4,2,3,18
2536,4,2,3,16
2537,4,2,3,28
2538,4,2,3,10
2539,4,2,3,24
2540,4,2,3,19
2541,4,2,3,6
2542,4,2,2,0
2543,4,2,3,4
2544,4,2,3,62
2545,4,3,3,9
2546,4,3,3,31
2547,4,3,3,20
2548,4,3,3,1
2549,4,3,3,37
2550,4,3,3,65
2551,4,3,3,3
2552,4,3,3,63
2553,4,3,3,0
2554,4,3,1,23
2555,4,3,1,37
2556,4,3,1,48
2557,4,3,1,31
2558,4,3,1,13
2559,4,3,1,39
2560,4,3,1,43
2561,4,3,1,32
2562,4,3,1,46
2563,4,3,1,34
2564,4,3,1,55
2565,4,3,1,47
2566,4,3,1,64
2567,4,3,1,49
2568,4,3,0,33
2569,9,2,1,6
2570,9,3,3,12
2571,9,3,3,20
2572,9,3,2,7
2573,9,3,2,1
2574,9,3,3,21
2575,9,3,3,4
2576,0,0,1,57
2577,0,0,1,54
2578,0,0,1,60
2579,0,0,1,66
2580,0,0,1,34
2581,0,0,1,38
2582,0,0,2,27
2583,0,0,2,25
2584,0,0,2,57
2585,0,0,2,37
2586,0,0,3,67
2587,0,0,2,12
2588,0,0,2,19
2589,0,0,2,6
2590,0,0,2,44
2591,0,0,2,10
2592,0,0,2,4
2593,0,1,2,3
2594,0,1,2,9
2595,0,1,2,43
2596,0,1,2,18
2597,0,1,2,5
2598,0,1,2,13
2599,0,1,2,0
2600,0,1,2,58
2601,0,1,2,38
2602,0,1,2,26
2603,0,1,2,28
2604,0,1,1,33
2605,0,1,1,37
2606,0,1,1,65
2607,0,1,1,59
2608,0,1,1,58
2609,0,1,1,55
2610,5,0,3,3
2611,5,0,3,20
2612,5,0,2,8
2613,5,0,2,2
2614,5,0,3,21
2615,5,0,3,13
2616,2,2,0,34
2617,5,1,1,5
2618,2,2,1,48
2619,2,2,1,63
2620,2,2,1,54
2621,2,2,1,46
2622,2,2,1,33
2623,2,2,1,47
2624,2,2,1,44
2625,2,2,1,31
2626,2,2,1,40
2627,2,2,1,12
2628,2,2,1,49
2629,2,2,1,32
2630,2,2,1,38
2631,2,2,1,24
2632,2,2,3,64
2633,2,2,3,0
2634,2,2,3,4
2635,2,2,3,66
2636,2,2,3,2
2637,2,2,3,38
2638,2,2,3,21
2639,2,2,3,32
2640,2,3,3,61
2641,2,2,3,10
2642,2,3,3,3
2643,2,3,3,67
2644,2,3,3,18
2645,2,3,3,5
2646,2,3,3,23
2647,2,3,3,9
2648,2,3,3,17
2649,2,3,3,27
2650,2,3,3,19
2651,2,3,3,34
2652,2,3,3,36
2653,2,3,3,21
2654,2,3,3,42
2655,2,3,1,41
2656,2,3,1,52
2657,2,3,1,39
2658,2,3,0,18
2659,2,3,1,64
2660,2,3,0,16
2661,5,2,2,10
2662,2,3,0,43
2663,5,2,2,15
2664,5,2,2,19
2665,5,2,2,36
2666,5,2,2,26
2667,5,2,2,44
2668,5,2,2,49
2669,5,2,2,30
2670,5,2,2,53
2671,5,2,2,40
2672,5,2,3,31
2673,5,2,3,14
2674,5,2,3,20
2675,5,2,3,3
2676,5,2,3,25
2677,5,2,3,16
2678,5,2,3,39
2679,5,2,3,12
2680,5,2,3,5
2681,5,2,3,35
2682,5,2,3,1
2683,5,2,3,43
2684,5,2,3,54
2685,5,2,3,48
2686,5,2,2,51
2687,5,2,3,58
2688,5,3,3,14
2689,5,3,3,67
2690,5,3,2,19
2691,5,3,2,21
2692,5,3,2,24
2693,5,3,2,28
2694,5,3,2,57
2695,5,3,2,65
2696,5,3,1,5
2697,5,3,1,50
2698,5,3,1,63
2699,5,3,0,23
2700,5,3,1,24
2701,5,3,1,30
2702,5,3,1,38
2703,5,3,1,53
2704,5,3,1,64
2705,5,3,0,2
2706,5,3,0,10
2707,5,3,0,21
2708,5,3,0,31
2709,5,3,0,41
2710,5,3,0,30
2711,5,3,0,42
2712,6,0,0,39
2713,6,0,0,54
2714,9,0,0,57
2715,9,0,0,50
2716,9,0,0,33
2717,9,0,0,44
2718,9,0,0,36
2719,9,0,0,8
2720,9,0,0,14
2721,9,0,0,5
2722,9,0,1,65
2723,9,0,1,54
2724,9,0,1,46
2725,9,0,1,33
2726,9,0,1,25
2727,9,0,0,19
2728,9,0,1,47
2729,9,0,1,2
2730,9,0,2,54
2731,9,0,2,55
2732,9,0,2,25
2733,9,0,3,31
2734,9,0,3,16
2735,9,0,3,3
2736,9,0,3,0
2737,9,1,3,5
2738,9,1,2,21
2739,9,1,2,31
2740,9,1,3,28
2741,9,1,3,60
2742,9,1,3,66
2743,9,1,2,2
2744,9,1,2,15
2745,9,1,3,58
2746,9,1,3,47
2747,9,1,2,4
2748,9,1,3,38
2749,9,1,3,62
2750,9,1,3,53
2751,9,1,3,30
2752,9,1,3,42
2753,9,1,3,0
2754,9,1,3,10
2755,9,1,3,34
2756,9,1,3,19
2757,4,2,0,34
2758,4,2,0,21
2759,4,2,1,31
2760,4,2,0,16
2761,4,2,0,13
2762,4,2,0,23
2763,4,2,2,20
2764,4,2,2,23
2765,4,2,2,3
2766,4,2,3,65
2767,4,2,3,57
2768,4,2,3,63
2769,4,2,3,50
2770,4,2,3,46
2771,4,2,3,60
2772,4,2,3,42
2773,4,2,3,55
2774,4,2,3,51
2775,4,2,3,40
2776,4,3,3,41
2777,4,2,3,38
2778,4,2,2,4
2779,4,3,3,39
2780,4,3,3,27
2781,4,3,3,35
2782,4,3,3,57
2783,4,3,3,23
2784,4,3,3,26
2785,4,3,3,48
2786,4,3,3,10
2787,4,3,3,21
2788,4,3,3,6
2789,4,3,3,17
2790,4,3,3,13
2791,4,3,3,2
2792,4,3,1,19
2793,4,3,3,4
2794,4,3,1,15
2795,4,3,1,24
2796,4,3,1,21
2797,4,3,1,42
2798,4,3,1,62
2799,4,3,1,36
2800,4,3,0,7
2801,4,3,1,58
2802,4,3,0,14
2803,9,2,2,62
2804,9,2,2,64
2805,9,2,1,4
2806,9,3,3,25
2807,9,3,3,14
2808,9,3,2,9
2809,9,3,3,63
2810,9,3,2,53
2811,9,3,3,30
2812,0,0,0,3
2813,0,0,0,5
2814,0,0,1,23
2815,0,0,1,20
2816,0,0,0,2
2817,0,0,0,0
2818,0,0,1,32
2819,0,0,1,44
2820,0,0,2,29
2821,0,0,2,46
2822,0,0,2,63
2823,0,0,2,39
2824,0,0,2,43
2825,0,0,2,31
2826,0,0,2,32
2827,0,0,2,49
2828,0,0,2,42
2829,0,0,2,58
2830,0,1,2,33
2831,0,0,2,34
2832,0,1,2,57
2833,0,1,2,41
2834,0,1,2,31
2835,0,1,2,48
2836,0,1,2,32
2837,0,1,2,44
2838,0,1,2,64
2839,0,1,2,40
2840,0,1,2,47
2841,0,1,2,30
2842,0,1,1,31
2843,0,1,1,43
2844,0,1,1,67
2845,0,1,0,1
2846,0,1,1,24
2847,0,1,1,21
2848,0,1,0,6
2849,0,1,0,4
2850,5,0,2,52
2851,5,0,3,29
2852,5,0,3,64
2853,5,0,2,10
2854,5,0,3,26
2855,5,0,3,15
2856,5,1,1,3
2857,5,1,2,63
2858,2,2,0,15
2859,5,1,2,61
2860,2,2,1,57
2861,2,2,0,8
2862,2,2,1,61
2863,2,2,1,35
2864,2,2,1,41
2865,2,2,1,20
2866,2,2,1,14
2867,2,2,1,23
2868,2,2,3,3
2869,2,2,1,18
2870,2,2,3,12
2871,2,2,3,1
2872,2,2,3,16
2873,2,2,3,5
2874,2,2,3,9
2875,2,2,3,20
2876,2,2,3,49
2877,2,2,3,25
2878,2,2,3,58
2879,2,2,3,24
2880,2,2,3,36
2881,2,2,3,28
2882,2,3,2,3
2883,2,2,3,40
2884,2,3,3,37
2885,2,2,3,42
2886,2,3,3,50
2887,2,3,3,39
2888,2,3,3,54
2889,2,3,3,41
2890,2,3,3,47
2891,2,3,3,59
2892,2,3,3,51
2893,2,3,3,64
2894,2,3,3,66
2895,2,3,3,58
2896,2,3,2,4
2897,2,3,2,24
2898,2,3,0,24
2899,2,3,2,21
2900,2,3,0,12
2901,2,3,0,17
2902,2,3,0,20
2903,2,3,1,32
2904,2,3,0,33
2905,5,2,3,18
2906,5,2,3,9
2907,5,2,3,33
2908,5,2,3,0
2909,5,2,3,41
2910,5,2,3,52
2911,5,2,3,29
2912,5,2,3,61
2913,5,2,3,37
2914,5,2,3,46
2915,5,2,2,3
2916,5,2,3,57
2917,5,2,2,14
2918,5,2,2,1
2919,5,2,3,65
2920,5,2,3,59
2921,5,2,3,27
2922,5,2,2,32
2923,5,2,2,20
2924,5,2,3,6
2925,5,3,3,0
2926,5,3,3,4
2927,5,3,3,17
2928,5,3,3,32
2929,5,3,2,26
2930,5,3,2,54
2931,5,3,2,55
2932,5,3,1,1
2933,5,3,1,46
2934,5,3,0,18
2935,5,3,1,26
2936,5,3,1,34
2937,5,3,1,47
2938,5,3,1,55
2939,5,3,1,66
2940,5,3,0,6
2941,5,3,0,15
2942,5,3,0,7
2943,5,3,0,35
2944,5,3,0,43
2945,5,3,0,34
2946,5,3,0,51
2947,5,3,0,58
2948,9,0,0,54
2949,9,0,0,48
2950,9,0,0,27
2951,9,0,0,40
2952,9,0,0,21
2953,9,0,0,16
2954,9,0,1,36
2955,9,0,1,32
2956,9,0,1,30
2957,9,0,1,28
2958,9,0,1,31
2959,9,0,0,6
2960,9,0,1,8
2961,9,0,1,0
2962,9,0,2,48
2963,9,0,2,12
2964,9,0,2,3
2965,9,0,3,61
2966,9,0,3,47
2967,9,0,3,32
2968,9,0,3,19
2969,9,1,3,7
2970,9,1,3,1
2971,9,1,2,8
2972,9,1,2,13
2973,9,1,2,26
2974,4,2,0,63
2975,4,2,0,54
2976,4,2,0,46
2977,4,2,0,37
2978,4,2,0,31
2979,9,1,2,19
2980,9,1,2,10
2981,4,2,0,27
2982,9,1,2,0
2983,4,2,0,32
2984,4,2,1,14
2985,4,2,0,36
2986,4,2,1,37
2987,4,2,1,23
2988,4,2,0,15
2989,4,2,2,41
2990,4,2,2,25
2991,4,2,2,35
2992,4,2,2,33
2993,4,2,2,18
2994,4,2,2,28
2995,4,2,2,16
2996,4,2,2,9
2997,4,2,2,24
2998,4,2,2,6
2999,4,2,2,17
3000,4,2,2,15
3001,4,2,2,2
3002,4,3,2,3
3003,4,2,3,66
3004,4,3,3,61
3005,4,3,3,67
3006,4,3,3,59
3007,4,3,2,1
3008,4,3,2,39
3009,4,3,3,54
3010,4,3,3,60
3011,4,3,2,37
3012,4,3,3,42
3013,4,3,3,55
3014,4,3,3,36
3015,4,3,3,47
3016,4,3,1,41
3017,4,3,3,32
3018,4,3,1,61
3019,4,3,1,35
3020,4,3,1,57
3021,4,3,1,26
3022,4,3,1,30
3023,4,3,1,40
3024,4,3,1,53
3025,4,3,1,44
3026,4,3,0,9
3027,4,3,1,60
3028,4,3,1,67
3029,9,2,2,24
3030,4,3,0,21
3031,9,2,2,26
3032,9,3,3,7
3033,9,2,1,2
3034,9,3,3,27
3035,9,3,3,18
3036,9,3,3,65
3037,9,3,2,12
3038,9,3,2,20
3039,9,3,3,13
3040,9,3,2,6
3041,9,3,3,47
3042,0,0,0,16
3043,0,0,0,7
3044,0,0,1,27
3045,0,0,1,46
3046,0,0,0,28
3047,0,0,1,67
3048,0,0,1,37
3049,0,0,0,4
3050,0,0,2,67
3051,0,0,2,61
3052,0,0,2,65
3053,0,0,1,3
3054,0,0,2,59
3055,0,0,1,1
3056,0,0,1,2
3057,0,0,2,60
3058,0,0,1,0
3059,0,0,2,64
3060,0,0,2,62
3061,0,1,2,61
3062,0,1,2,63
3063,0,1,2,67
3064,0,1,1,1
3065,0,1,2,59
3066,0,1,1,2
3067,0,1,2,60
3068,0,1,2,66
3069,0,1,1,4
3070,0,1,2,62
3071,0,1,1,0
3072,0,1,1,38
3073,0,1,0,3
3074,0,1,0,0
3075,0,1,0,27
3076,0,1,1,28
3077,0,1,1,47
3078,0,1,0,8
3079,0,1,0,17
3080,5,0,2,5
3081,5,0,3,46
3082,5,0,3,12
3083,5,0,2,21
3084,5,0,3,66
3085,5,0,2,13
3086,5,0,3,19
3087,5,0,3,28
3088,5,0,3,8
3089,5,1,1,1
3090,5,1,2,25
3091,2,2,0,20
3092,2,2,0,0
3093,5,1,2,23
3094,2,2,1,59
3095,2,2,0,10
3096,2,2,1,52
3097,2,2,1,43
3098,2,2,1,39
3099,2,2,1,29
3100,2,2,1,58
3101,2,2,1,25
3102,2,2,1,36
3103,2,2,1,62
3104,2,2,1,42
3105,2,2,3,31
3106,2,2,3,46
3107,2,2,3,35
3108,2,2,3,41
3109,2,2,3,54
3110,2,2,2,38
3111,2,2,3,59
3112,2,2,2,40
3113,2,2,3,55
3114,2,2,2,2
3115,2,2,3,60
3116,2,2,3,62
3117,2,2,2,0
3118,2,3,3,65
3119,2,2,2,4
3120,2,3,2,14
3121,2,3,2,1
3122,2,3,2,16
3123,2,3,2,5
3124,2,3,2,10
3125,2,3,2,23
3126,2,3,2,17
3127,2,3,2,27
3128,2,3,2,34
3129,2,3,2,19
3130,2,3,2,36
3131,2,3,2,26
3132,2,3,0,14
3133,2,3,2,42
3134,2,3,1,24
3135,2,3,1,38
3136,2,3,1,15
3137,2,3,0,35
3138,2,3,0,31
3139,5,2,3,67
3140,5,2,2,9
3141,2,3,0,28
3142,5,2,2,18
3143,2,3,0,32
3144,2,3,0,38
3145,2,3,0,47
3146,2,3,0,55
3147,2,3,0,64
3148,5,2,2,25
3149,5,2,2,12
3150,5,2,2,7
3151,5,2,3,2
3152,5,2,3,8
3153,5,3,3,18
3154,5,3,3,31
3155,5,3,3,46
3156,5,3,3,62
3157,5,3,2,4
3158,5,3,2,13
3159,5,3,2,49
3160,5,3,2,67
3161,5,3,1,7
3162,5,3,0,5
3163,5,3,1,32
3164,5,3,1,27
3165,5,3,1,29
3166,5,3,1,31
3167,5,3,1,35
3168,5,3,0,17
3169,5,3,0,20
3170,5,3,0,39
3171,5,3,0,28
3172,5,3,0,49
3173,5,3,0,55
3174,9,0,0,67
3175,9,0,0,52
3176,9,0,0,37
3177,9,0,0,25
3178,9,0,0,30
3179,9,0,0,18
3180,9,0,0,7
3181,9,0,1,40
3182,9,0,1,38
3183,9,0,1,34
3184,9,0,1,41
3185,9,0,0,15
3186,9,0,2,67
3187,9,0,2,57
3188,9,0,2,43
3189,9,0,2,33
3190,9,0,2,21
3191,9,0,2,6
3192,9,1,3,59
3193,9,1,3,46
3194,9,1,3,35
3195,9,1,3,24
3196,9,1,3,8
3197,9,1,2,17
3198,9,1,2,28
3199,9,1,2,30
3200,9,1,2,32
3201,4,2,0,57
3202,4,2,0,48
3203,4,2,0,39
3204,4,2,0,33
3205,4,2,0,25
3206,4,2,1,33
3207,4,2,1,52
3208,4,2,1,3
3209,4,2,2,57
3210,4,2,2,65
3211,4,2,2,61
3212,4,2,2,50
3213,4,2,2,60
3214,4,2,2,46
3215,4,2,2,42
3216,4,2,2,53
3217,4,2,2,38
3218,4,2,2,51
3219,4,3,2,46
3220,4,2,2,36
3221,4,3,2,41
3222,4,2,2,30
3223,4,3,2,27
3224,4,3,2,52
3225,4,3,2,35
3226,4,3,2,30
3227,4,3,2,26
3228,4,3,2,43
3229,4,3,2,21
3230,4,3,2,8
3231,4,3,2,4
3232,4,3,2,15
3233,4,3,2,0
3234,4,3,2,10
3235,4,3,1,54
3236,4,3,3,64
3237,4,3,0,1
3238,4,3,1,52
3239,4,3,1,17
3240,4,3,0,16
3241,4,3,1,28
3242,4,3,0,24
3243,4,3,0,34
3244,4,3,0,3
3245,4,3,0,44
3246,4,3,0,5
3247,4,3,0,0
3248,9,2,3,8
3249,9,2,3,2
3250,9,2,2,3
3251,9,2,3,58
3252,9,2,2,60
3253,9,2,2,4
3254,9,3,3,5
3255,9,3,3,23
3256,9,2,3,34
3257,9,3,2,3
3258,9,3,3,31
3259,9,3,3,48
3260,9,3,2,18
3261,9,3,3,42
3262,9,3,3,26
3263,9,3,2,15
3264,9,3,2,19
3265,0,0,0,14
3266,0,0,0,18
3267,0,0,1,59
3268,0,0,1,52
3269,0,0,1,43
3270,0,0,1,41
3271,0,0,1,39
3272,0,0,0,47
3273,0,0,1,28
3274,0,0,1,30
3275,0,0,1,26
3276,0,0,1,9
3277,0,0,1,21
3278,0,0,1,7
3279,0,0,1,8
3280,0,0,1,19
3281,0,0,1,5
3282,0,0,1,10
3283,0,1,1,5
3284,0,0,1,6
3285,0,1,1,10
3286,0,1,1,6
3287,0,1,1,7
3288,0,1,1,18
3289,0,1,1,8
3290,0,1,1,20
3291,0,1,1,25
3292,0,1,1,9
3293,0,1,1,29
3294,0,1,1,27
3295,0,1,1,40
3296,0,1,0,46
3297,0,1,1,42
3298,0,1,1,44
3299,0,1,1,60
3300,0,1,1,53
3301,0,1,0,19
3302,0,1,0,15
3303,5,0,2,14
3304,5,0,2,18
3305,5,0,3,25
3306,5,0,3,41
3307,5,0,3,49
3308,5,0,2,19
3309,5,0,3,32
3310,5,0,2,4
3311,5,0,3,24
3312,5,1,3,33
3313,5,0,3,6
3314,5,1,2,3
3315,5,1,3,57
3316,5,1,2,59
3317,5,1,2,4
3318,5,1,3,1
3319,2,2,1,67
3320,5,1,3,7
3321,2,2,0,6
3322,2,2,0,43
3323,2,2,0,33
3324,2,2,0,4
3325,2,2,0,23
3326,2,2,1,27
3327,2,2,1,16
3328,2,2,0,17
3329,2,2,1,53
3330,2,2,0,2
3331,2,2,1,55
3332,2,2,3,63
3333,2,2,2,9
3334,2,2,3,67
3335,2,2,2,3
3336,2,2,2,14
3337,2,2,2,7
3338,2,2,2,20
3339,2,2,2,25
3340,2,2,2,44
3341,2,2,2,29
3342,2,2,2,36
3343,2,2,2,28
3344,2,2,2,53
3345,2,3,2,29
3346,2,2,2,42
3347,2,2,2,47
3348,2,3,2,35
3349,2,3,2,50
3350,2,3,2,37
3351,2,3,2,41
3352,2,3,2,52
3353,2,3,2,47
3354,2,3,2,59
3355,2,3,2,62
3356,2,3,2,51
3357,2,3,2,66
3358,2,3,2,58
3359,2,3,1,53
3360,2,3,1,4
3361,2,3,1,34
3362,2,3,0,26
3363,2,3,0,34
3364,2,3,0,40
3365,2,3,0,49
3366,2,3,0,58
3367,5,2,2,31
3368,5,2,2,29
3369,5,2,2,27
3370,5,2,2,16
3371,5,2,3,7
3372,5,2,3,23
3373,5,2,3,36
3374,5,2,3,47
3375,5,2,3,60
3376,5,3,2,5
3377,5,3,2,20
3378,5,3,2,34
3379,5,3,2,44
3380,5,3,2,58
3381,5,3,1,0
3382,5,3,0,14
3383,5,3,1,42
3384,5,3,1,33
3385,5,3,1,37
3386,5,3,1,39
3387,5,3,0,8
3388,5,3,0,19
3389,5,3,0,29
3390,5,3,0,26
3391,5,3,0,38
3392,5,3,0,53
3393,5,3,0,67
3394,9,0,0,63
3395,9,0,0,43
3396,9,0,0,31
3397,9,0,0,34
3398,9,0,0,13
3399,9,0,1,57
3400,9,0,1,44
3401,9,0,1,42
3402,9,0,1,43
3403,9,0,1,14
3404,9,0,1,12
3405,9,0,1,16
3406,9,0,1,4
3407,9,0,2,62
3408,9,0,2,49
3409,9,1,2,33
3410,9,1,2,20
3411,9,1,2,6
3412,9,1,3,64
3413,9,1,3,51
3414,9,1,2,24
3415,9,1,2,34
3416,9,1,2,38
3417,9,1,2,42
3418,9,1,2,44
3419,9,1,2,47
3420,4,2,0,53
3421,4,2,0,49
3422,4,2,0,41
3423,4,2,0,35
3424,4,2,0,47
3425,4,2,1,9
3426,4,2,1,7
3427,4,2,1,4
3428,4,2,1,8
3429,4,2,1,2
3430,4,2,1,6
3431,4,3,1,5
3432,4,2,2,66
3433,4,3,1,3
3434,4,3,2,59
3435,4,3,2,57
3436,4,3,2,65
3437,4,3,2,54
3438,4,3,2,61
3439,4,3,2,60
3440,4,3,2,44
3441,4,3,2,55
3442,4,3,2,42
3443,4,3,2,36
3444,4,3,2,47
3445,4,3,2,32
3446,4,3,1,63
3447,4,3,0,27
3448,4,3,1,50
3449,4,3,0,35
3450,4,3,1,65
3451,4,3,0,12
3452,4,3,0,17
3453,4,3,0,8
3454,4,3,0,38
3455,4,3,0,49
3456,4,3,0,26
3457,9,2,3,30
3458,4,3,0,50
3459,9,2,3,26
3460,9,2,3,19
3461,9,2,3,10
3462,9,2,3,4
3463,9,2,3,65
3464,9,2,2,15
3465,9,2,2,0
3466,9,2,3,59
3467,9,2,3,55
3468,9,2,3,40
3469,9,2,3,36
3470,9,2,2,32
3471,9,2,2,53
3472,9,2,2,42
3473,9,3,3,33
3474,9,3,2,16
3475,9,3,3,17
3476,9,3,3,61
3477,9,3,3,51
3478,9,3,2,2
3479,9,3,2,40
3480,9,3,2,36
3481,9,3,2,66
3482,9,3,2,51
3483,0,0,0,20
3484,0,0,0,46
3485,0,0,0,1
3486,0,0,0,39
3487,0,0,0,37
3488,0,0,1,61
3489,0,0,1,29
3490,0,0,1,18
3491,0,0,0,23
3492,0,0,0,25
3493,0,0,1,12
3494,0,0,1,25
3495,0,0,1,24
3496,0,0,1,15
3497,0,0,0,15
3498,0,0,1,17
3499,0,0,1,13
3500,0,1,1,12
3501,0,1,1,16
3502,0,1,0,14
3503,0,1,1,23
3504,0,1,1,14
3505,0,1,1,26
3506,0,1,1,13
3507,0,1,0,24
3508,0,1,0,26
3509,0,1,1,19
3510,0,1,1,30
3511,0,1,0,38
3512,0,1,1,62
3513,0,1,0,40
3514,0,1,0,2
3515,0,1,0,21
3516,0,1,0,47
3517,5,0,2,50
3518,5,0,2,65
3519,5,0,2,39
3520,5,0,2,35
3521,5,0,2,1
3522,5,0,3,50
3523,5,0,3,16
3524,5,0,3,62
3525,5,0,2,17
3526,5,0,3,34
3527,5,1,2,52
3528,5,1,2,41
3529,5,1,2,31
3530,5,1,3,35
3531,5,1,3,54
3532,5,1,3,39
3533,5,1,3,60
3534,5,1,3,67
3535,5,1,3,66
3536,5,1,2,14
3537,5,1,3,3
3538,5,1,3,9
3539,5,1,3,25
3540,5,1,3,18
3541,2,2,0,51
3542,5,1,3,29
3543,2,2,0,48
3544,2,2,0,25
3545,2,2,0,37
3546,2,2,0,7
3547,2,2,0,13
3548,2,2,0,16
3549,2,2,1,66
3550,2,2,0,36
3551,2,2,0,28
3552,2,2,1,51
3553,2,2,1,64
3554,2,2,2,31
3555,2,2,2,35
3556,2,2,2,46
3557,2,2,2,41
3558,2,2,2,54
3559,2,2,2,59
3560,2,2,2,43
3561,2,2,2,62
3562,2,2,2,55
3563,2,2,2,58
3564,2,2,2,66
3565,2,2,2,60
3566,2,2,1,4
3567,2,2,1,6
3568,2,3,2,65
3569,2,3,1,5
3570,2,3,1,1
3571,2,3,1,3
3572,2,3,1,7
3573,2,3,1,8
3574,2,3,1,9
3575,2,3,0,46
3576,2,3,0,36
3577,2,3,0,42
3578,2,3,0,48
3579,2,3,0,52
3580,5,2,2,46
3581,5,2,2,43
3582,5,2,2,41
3583,5,2,2,37
3584,5,2,2,33
3585,5,2,2,23
3586,5,2,3,50
3587,5,2,3,63
3588,5,2,2,5
3589,5,2,2,21
3590,5,2,2,34
3591,5,3,2,48
3592,5,3,2,61
3593,5,3,1,3
3594,5,3,1,17
3595,5,3,1,13
3596,5,3,1,15
3597,5,3,1,44
3598,5,3,1,41
3599,5,3,1,43
3600,5,3,1,58
3601,5,3,0,12
3602,5,3,0,33
3603,5,3,0,32
3604,5,3,0,44
3605,5,3,0,64
3606,9,0,0,61
3607,9,0,0,39
3608,9,0,0,26
3609,9,0,0,17
3610,9,0,0,4
3611,9,0,1,61
3612,9,0,1,50
3613,9,0,1,39
3614,9,0,1,24
3615,9,0,1,10
3616,9,0,1,13
3617,9,1,1,7
3618,9,1,1,9
3619,9,1,2,60
3620,9,1,2,49
3621,9,1,2,36
3622,9,1,2,40
3623,9,1,2,51
3624,9,1,2,53
3625,9,1,2,55
3626,9,1,2,58
3627,9,1,2,62
3628,9,1,2,64
3629,9,1,2,66
3630,4,2,0,65
3631,4,2,0,55
3632,4,2,0,52
3633,4,2,0,43
3634,4,2,1,25
3635,4,2,1,16
3636,4,2,1,10
3637,4,3,1,12
3638,0,0,2,26
3639,4,3,1,7
3640,4,3,0,20
3641,4,3,1,9
3642,4,3,0,18
3643,4,3,0,23
3644,4,3,1,1
3645,4,3,1,8
3646,4,3,1,4
3647,4,3,1,0
3648,4,3,1,6
3649,4,3,2,64
3650,4,3,1,66
3651,4,3,0,13
3652,4,3,0,29
3653,4,3,0,28
3654,4,3,0,2
3655,4,3,0,39
3656,4,3,0,42
3657,4,3,0,40
3658,4,3,0,57
3659,9,2,3,18
3660,4,3,0,52
3661,9,2,3,12
3662,9,2,3,16
3663,9,2,3,9
3664,9,2,3,5
3665,9,2,3,24
3666,9,2,3,13
3667,9,2,2,17
3668,9,2,3,15
3669,9,2,3,63
3670,9,2,2,21
3671,9,2,2,2
3672,9,2,3,64
3673,9,2,3,53
3674,9,2,3,38
3675,9,2,2,34
3676,9,2,2,28
3677,9,2,2,49
3678,9,2,2,47
3679,9,3,3,29
3680,9,3,3,39
3681,9,3,3,54
3682,9,3,3,59
3683,9,3,3,55
3684,9,3,3,36
3685,9,3,2,32
3686,9,3,2,10
3687,9,3,2,44
3688,9,3,2,64
3689,9,3,1,0
3690,9,3,1,2
3691,0,0,0,54
3692,0,0,0,48
3693,0,0,0,52
3694,0,0,0,43
3695,0,0,0,41
3696,0,0,0,50
3697,0,0,1,33
3698,0,0,1,50
3699,0,0,0,29
3700,0,0,0,27
3701,0,0,1,48
3702,0,0,1,31
3703,0,0,1,42
3704,0,0,1,51
3705,0,0,0,13
3706,0,0,0,8
3707,0,1,1,35
3708,0,0,1,36
3709,0,1,0,7
3710,0,1,0,12
3711,0,1,1,41
3712,0,1,1,50
3713,0,1,1,32
3714,0,1,1,49
3715,0,1,0,30
3716,0,1,0,28
3717,0,1,1,51
3718,0,1,1,34
3719,0,1,0,42
3720,0,1,0,51
3721,0,1,0,44
3722,0,1,0,53
3723,0,1,0,55
3724,0,1,0,49
3725,5,0,1,1
3726,5,0,2,67
3727,5,0,2,43
3728,5,0,2,63
3729,5,0,2,9
3730,5,0,2,31
3731,5,0,3,54
3732,5,0,3,35
3733,5,0,3,60
3734,5,0,3,55
3735,5,0,3,30
3736,5,0,3,40
3737,5,1,2,46
3738,5,1,2,48
3739,5,1,2,33
3740,5,1,2,27
3741,5,1,3,37
3742,5,1,3,52
3743,5,1,2,1
3744,5,1,3,63
3745,5,1,2,20
3746,5,1,3,64
3747,5,1,2,16
3748,5,1,3,14
3749,5,1,3,12
3750,5,1,3,23
3751,5,1,3,10
3752,5,1,3,6
3753,5,1,3,17
3754,5,1,3,13
3755,5,1,3,19
3756,2,2,0,53
3757,2,2,0,58
3758,2,2,0,39
3759,2,2,0,40
3760,2,2,0,41
3761,2,2,0,1
3762,2,2,0,27
3763,2,2,0,12
3764,2,2,0,30
3765,2,2,1,65
3766,2,2,2,63
3767,2,2,2,67
3768,2,2,1,5
3769,2,2,1,3
3770,2,2,1,7
3771,2,2,0,24
3772,2,2,1,2
3773,2,2,0,19
3774,2,2,1,9
3775,2,2,1,8
3776,2,2,0,21
3777,2,2,1,10
3778,2,2,1,13
3779,2,3,1,10
3780,2,3,1,17
3781,2,3,1,26
3782,2,3,0,44
3783,2,3,0,53
3784,2,3,0,54
3785,2,3,0,66
3786,5,2,2,65
3787,5,2,2,63
3788,5,2,2,61
3789,5,2,2,57
3790,5,2,2,54
3791,5,2,2,52
3792,5,2,2,50
3793,5,2,2,39
3794,5,2,2,35
3795,5,2,2,48
3796,5,2,2,59
3797,5,2,1,9
3798,5,2,1,8
3799,5,3,1,12
3800,5,2,1,10
3801,5,3,1,23
3802,5,3,1,40
3803,5,3,1,51
3804,5,3,1,62
3805,5,3,0,3
3806,5,3,0,16
3807,5,3,0,25
3808,5,3,0,40
3809,5,3,0,62
3810,9,0,0,59
3811,9,0,0,46
3812,9,0,0,35
3813,9,0,0,23
3814,9,0,0,12
3815,9,0,0,0
3816,9,0,1,53
3817,9,1,1,37
3818,9,1,1,25
3819,9,1,1,12
3820,9,1,1,10
3821,9,1,1,8
3822,9,1,1,6
3823,9,0,0,3
3824,9,0,1,15
3825,9,0,1,17
3826,9,0,1,19
3827,9,1,1,1
3828,9,1,2,67
3829,9,1,2,59
3830,9,1,1,4
3831,9,1,1,2
3832,9,1,1,0
3833,4,2,0,67
3834,4,2,0,59
3835,4,2,1,65
3836,4,2,1,54
3837,4,2,1,47
3838,4,2,1,38
3839,4,3,1,25
3840,4,3,1,18
3841,4,3,1,10
3842,4,3,0,6
3843,4,3,0,10
3844,4,3,0,43
3845,4,3,0,19
3846,4,3,0,32
3847,4,3,0,51
3848,4,3,0,37
3849,4,3,0,53
3850,4,3,0,41
3851,4,3,0,30
3852,4,3,0,55
3853,4,3,0,48
3854,9,2,3,29
3855,9,2,3,25
3856,4,3,0,59
3857,9,2,2,10
3858,9,2,3,20
3859,9,2,3,14
3860,4,3,2,63
3861,9,2,3,7
3862,9,2,2,7
3863,9,2,2,5
3864,9,2,3,17
3865,9,2,3,61
3866,9,2,3,6
3867,9,2,2,1
3868,9,2,3,60
3869,9,2,3,66
3870,9,2,3,42
3871,9,2,2,13
3872,9,2,3,44
3873,9,2,2,44
3874,9,2,2,30
3875,9,2,2,51
3876,9,2,2,58
3877,9,3,3,3
3878,9,3,3,43
3879,9,3,3,57
3880,9,3,3,50
3881,9,3,3,8
3882,9,3,3,2
3883,9,3,3,62
3884,9,3,3,24
3885,9,3,2,26
3886,9,3,3,38
3887,9,3,3,49
3888,9,3,2,60
3889,9,3,3,58
3890,9,3,1,4
3891,0,0,0,67
3892,9,3,3,66
3893,0,0,0,59
3894,0,0,0,63
3895,0,0,0,61
3896,0,0,0,57
3897,0,0,0,12
3898,0,0,1,65
3899,0,0,0,31
3900,0,0,0,33
3901,0,0,1,63
3902,0,0,0,9
3903,0,0,0,17
3904,0,0,1,62
3905,0,0,0,10
3906,0,0,0,6
3907,0,0,1,64
3908,0,1,1,63
3909,0,1,0,5
3910,0,1,0,9
3911,0,1,0,16
3912,0,1,1,61
3913,0,1,0,10
3914,0,1,1,64
3915,0,1,0,32
3916,0,1,0,34
3917,0,1,1,66
3918,0,1,0,13
3919,0,1,0,62
3920,0,1,0,58
3921,0,1,0,64
3922,0,1,0,60
3923,0,1,0,67
3924,5,0,3,65
3925,5,0,1,3
3926,5,0,3,57
3927,5,0,3,48
3928,5,0,2,59
3929,5,0,3,37
3930,5,0,2,25
3931,5,0,3,61
3932,5,0,3,23
3933,5,0,3,1
3934,5,0,3,7
3935,5,0,3,58
3936,5,0,3,51
3937,5,0,3,44
3938,5,0,3,4
3939,5,1,2,50
3940,5,1,2,57
3941,5,1,2,29
3942,5,1,2,43
3943,5,1,2,12
3944,5,1,3,43
3945,5,1,3,41
3946,5,1,3,65
3947,5,1,2,2
3948,5,1,3,59
3949,5,1,3,5
3950,5,1,3,62
3951,5,1,2,6
3952,5,1,3,16
3953,5,1,2,8
3954,5,1,3,8
3955,5,1,3,15
3956,2,2,2,64
3957,5,1,3,21
3958,5,1,2,9
3959,5,1,3,26
3960,2,2,0,60
3961,5,1,3,30
3962,2,2,0,49
3963,2,2,0,29
3964,2,2,0,54
3965,2,2,0,42
3966,2,2,0,52
3967,2,2,0,50
3968,2,2,0,38
3969,2,2,0,31
3970,2,2,0,18
3971,2,2,0,9
3972,2,2,0,44
3973,2,2,0,5
3974,0,1,2,25
3975,2,2,1,19
3976,2,2,1,26
3977,2,3,1,37
3978,2,3,1,46
3979,2,3,1,55
3980,2,3,1,66
3981,2,3,0,60
3982,2,3,0,67
3983,5,2,2,67
3984,5,2,1,1
3985,5,2,1,3
3986,5,2,2,60
3987,5,2,1,0
3988,5,2,1,2
3989,5,3,1,18
3990,5,3,1,16
3991,5,3,1,14
3992,5,3,0,4
3993,5,2,1,5
3994,5,2,1,7
3995,5,3,1,10
3996,5,2,1,13
3997,5,2,1,26
3998,5,2,1,38
3999,5,3,1,52
4000,5,3,1,67
4001,5,3,0,13
4002,5,3,0,24
4003,5,3,0,36
4004,5,3,0,47
4005,5,3,0,60
4006,9,0,0,65
4007,9,0,0,51
4008,9,0,0,38
4009,9,0,0,28
4010,9,1,0,12
4011,9,1,1,67
4012,9,1,1,53
4013,9,1,1,38
4014,9,1,1,30
4015,9,1,1,39
4016,9,1,1,31
4017,9,0,0,64
4018,9,0,0,60
4019,9,0,0,58
4020,9,0,0,53
4021,9,0,0,47
4022,9,0,1,58
4023,9,0,1,21
4024,9,1,1,3
4025,9,1,2,65
4026,9,1,2,61
4027,9,1,2,57
4028,4,2,0,51
4029,4,2,0,29
4030,4,2,0,18
4031,4,2,0,10
4032,4,2,0,2
4033,4,3,1,59
4034,4,3,1,51
4035,4,3,1,38
4036,4,3,0,46
4037,4,3,0,58
4038,9,2,3,43
4039,9,2,3,39
4040,9,2,3,31
4041,9,2,2,14
4042,9,2,3,67
4043,9,2,3,49
4044,9,2,2,38
4045,9,3,3,37
4046,9,3,3,15
4047,9,3,3,32
4048,9,3,2,25
4049,9,3,2,41
4050,9,3,2,39
4051,0,0,0,35
4052,0,0,0,32
4053,0,0,0,30
4054,0,1,0,31
4055,0,1,0,36
4056,5,0,2,40
4057,5,0,2,42
4058,5,0,2,26
4059,5,0,3,31
4060,5,0,3,14
4061,5,0,3,38
4062,5,1,2,37
4063,5,1,3,48
4064,5,1,2,0
4065,5,1,2,15
4066,5,1,3,32
4067,5,1,3,40
4068,5,1,3,44
4069,2,2,0,57
4070,2,2,0,47
4071,2,2,1,37
4072,2,2,1,50
4073,2,2,1,60
4074,2,3,0,1
4075,2,3,0,9
4076,2,3,0,19
4077,2,3,0,30
4078,2,3,0,50
4079,5,2,2,58
4080,5,2,2,62
4081,5,2,2,66
4082,5,2,1,4
4083,5,3,1,20
4084,5,3,1,57
4085,5,3,0,46
4086,5,3,0,52
4087,5,3,0,57
4088,5,3,0,59
4089,5,3,0,63
4090,5,2,1,32
4091,5,2,1,40
4092,5,2,1,29
4093,5,2,1,37
4094,5,2,1,52
4095,5,2,0,0
4096,5,2,0,13
4097,5,3,0,27
4098,5,3,0,37
4099,5,3,0,50
4100,5,3,0,66
4101,9,1,0,63
4102,9,1,0,50
4103,9,1,0,38
4104,9,1,0,28
4105,9,1,0,15
4106,9,1,0,9
4107,9,1,1,65
4108,9,1,1,59
4109,9,1,1,52
4110,9,1,1,46
4111,9,1,1,41
4112,9,1,1,33
4113,9,0,0,66
4114,9,0,0,62
4115,9,1,1,27
4116,9,0,0,55
4117,9,0,0,49
4118,9,0,1,62
4119,9,0,1,26
4120,9,1,1,5
4121,9,1,2,63
4122,4,2,0,61
4123,4,2,0,50
4124,4,2,0,42
4125,4,3,0,31
4126,4,3,0,25
4127,4,3,0,15
4128,4,3,0,4
4129,4,3,0,60
4130,9,2,2,18
4131,9,2,3,52
4132,9,2,3,46
4133,9,2,3,41
4134,9,2,3,35
4135,9,2,2,9
4136,9,2,3,62
4137,9,2,3,32
4138,9,2,2,55
4139,9,3,3,52
4140,9,3,3,19
4141,9,3,3,44
4142,9,3,2,29
4143,9,3,2,4
4144,9,3,2,8
4145,0,0,0,65
4146,0,0,0,58
4147,0,1,0,29
4148,0,1,0,57
4149,0,1,0,66
4150,5,0,2,7
4151,5,0,2,3
4152,5,0,2,30
4153,5,0,3,43
4154,5,0,3,18
4155,5,0,3,53
4156,5,1,2,54
4157,5,1,3,31
4158,5,1,3,61
4159,5,1,2,10
4160,5,1,3,36
4161,5,1,3,42
4162,5,1,3,47
4163,5,1,3,53
4164,5,1,2,19
4165,2,2,0,59
4166,2,2,0,3
4167,2,2,0,14
4168,2,2,0,26
4169,2,2,0,32
4170,2,3,0,41
4171,2,3,0,51
4172,2,3,0,62
4173,5,2,2,64
4174,5,2,1,6
4175,5,3,1,25
4176,5,3,1,61
4177,5,3,0,48
4178,5,3,0,54
4179,5,2,1,28
4180,5,3,0,61
4181,5,3,0,65
4182,5,2,1,34
4183,5,2,1,42
4184,5,2,1,47
4185,5,2,1,53
4186,5,2,1,60
4187,5,2,1,66
4188,5,2,0,10
4189,5,2,0,14
4190,5,2,0,27
4191,5,2,0,37
4192,5,2,0,51
4193,5,2,0,64
4194,9,1,0,66
4195,9,1,0,58
4196,9,1,0,33
4197,9,1,0,29
4198,9,1,0,23
4199,9,1,0,16
4200,9,1,0,7
4201,9,1,0,1
4202,9,1,1,61
4203,9,1,1,54
4204,9,1,1,48
4205,9,1,1,43
4206,9,1,1,35
4207,9,1,1,29
4208,9,1,1,16
4209,9,1,1,18
4210,9,1,1,20
4211,9,1,1,14
4212,9,0,1,66
4213,9,0,1,49
4214,4,2,1,17
4215,4,2,0,66
4216,4,3,0,63
4217,4,3,0,54
4218,4,3,0,47
4219,4,3,0,36
4220,4,3,0,62
4221,9,2,2,46
4222,9,2,2,43
4223,9,2,2,39
4224,9,2,2,33
4225,9,2,3,50
4226,9,2,3,33
4227,9,2,3,28
4228,9,2,2,19
4229,9,2,1,0
4230,9,3,3,35
4231,9,3,3,10
4232,9,3,3,28
4233,9,3,3,53
4234,9,3,2,31
4235,9,3,2,17
4236,9,3,2,52
4237,9,3,2,65
4238,0,0,0,64
4239,0,0,0,49
4240,0,1,0,63
4241,5,0,2,66
4242,5,0,2,53
4243,5,0,2,16
4244,5,0,2,32
4245,5,0,3,52
4246,5,0,3,27
4247,5,0,3,9
4248,5,0,3,36
4249,5,1,2,67
4250,5,1,2,18
4251,5,1,3,27
4252,5,1,3,34
4253,5,1,3,51
4254,5,1,2,34
4255,5,1,2,40
4256,5,1,2,44
4257,5,1,2,47
4258,2,2,0,61
4259,2,2,0,35
4260,2,2,0,46
4261,2,2,0,55
4262,2,2,0,64
4263,2,3,0,65
4264,2,3,1,16
4265,5,3,1,48
4266,5,3,1,65
4267,5,2,1,15
4268,5,2,1,21
4269,5,2,1,19
4270,5,2,1,17
4271,5,2,1,30
4272,5,2,1,36
4273,5,2,1,44
4274,5,2,1,49
4275,5,2,1,55
4276,5,2,1,62
4277,5,2,0,2
4278,5,2,0,8
4279,5,2,0,17
4280,5,2,0,24
4281,5,2,0,30
4282,5,2,0,34
4283,5,2,0,57
4284,5,2,0,65
4285,9,1,0,57
4286,9,1,0,53
4287,9,1,0,39
4288,9,1,0,35
4289,9,1,0,27
4290,9,1,0,20
4291,9,1,0,14
4292,9,1,0,5
4293,9,1,0,3
4294,9,1,1,63
4295,9,1,1,57
4296,9,1,1,50
4297,9,1,1,32
4298,9,1,1,26
4299,9,1,1,21
4300,9,1,1,17
4301,9,1,1,15
4302,9,1,1,13
4303,9,1,1,23
4304,4,2,0,64
4305,4,3,0,61
4306,4,3,0,67
4307,4,3,0,66
4308,4,3,0,64
4309,9,2,2,59
4310,9,2,2,57
4311,9,2,2,54
4312,9,2,2,52
4313,9,2,2,37
4314,9,2,2,31
4315,9,2,2,27
4316,9,2,3,37
4317,9,2,3,3
4318,9,2,3,1
4319,9,2,3,0
4320,9,3,3,1
4321,9,3,3,46
4322,9,3,3,0
4323,9,3,2,27
4324,9,3,2,37
4325,9,3,2,21
4326,9,3,2,54
4327,9,3,2,67
4328,9,3,1,3
4329,0,1,0,48
4330,5,0,1,4
4331,5,0,1,0
4332,5,0,2,55
4333,5,0,2,20
4334,5,0,2,38
4335,5,0,2,28
4336,5,0,3,0
4337,5,0,3,47
4338,5,0,3,2
4339,5,1,3,0
4340,5,1,3,2
4341,5,1,3,4
4342,5,1,3,38
4343,5,1,2,28
4344,5,1,2,32
4345,5,1,2,38
4346,5,1,2,53
4347,5,1,2,55
4348,5,1,2,58
4349,5,1,2,60
4350,2,2,0,63
4351,2,2,0,65
4352,2,2,0,67
4353,2,2,0,62
4354,2,3,0,63
4355,5,2,1,24
4356,5,2,1,12
4357,5,2,1,14
4358,5,2,1,16
4359,5,2,1,20
4360,5,2,1,25
4361,5,2,1,31
4362,5,2,1,51
4363,5,2,1,58
4364,5,2,1,64
4365,5,2,0,4
4366,5,2,0,6
4367,5,2,0,15
4368,5,2,0,21
4369,5,2,0,28
4370,5,2,0,36
4371,5,2,0,40
4372,5,2,0,52
4373,5,2,0,58
4374,9,1,0,59
4375,9,1,0,42
4376,9,1,0,37
4377,9,1,0,31
4378,9,1,0,25
4379,9,1,0,18
4380,9,1,0,2
4381,9,1,1,64
4382,9,1,1,58
4383,9,1,1,49
4384,9,1,1,44
4385,9,1,1,40
4386,9,1,1,34
4387,9,1,1,28
4388,9,1,1,24
4389,9,1,1,19
4390,4,2,0,60
4391,9,2,1,9
4392,9,2,1,5
4393,4,3,0,65
4394,9,2,1,3
4395,9,2,2,67
4396,9,2,2,65
4397,9,2,2,63
4398,9,2,2,61
4399,9,2,2,50
4400,9,2,2,35
4401,9,2,2,29
4402,9,2,2,25
4403,9,2,3,48
4404,9,2,3,27
4405,9,2,3,23
4406,9,2,3,21
4407,9,3,3,16
4408,9,3,3,9
4409,9,3,3,6
4410,9,3,2,23
4411,9,3,2,35
4412,9,3,2,50
4413,9,3,2,34
4414,9,3,1,1
4415,9,3,1,7
4416,0,0,0,51
4417,5,0,1,8
4418,5,0,1,2
4419,5,0,2,33
4420,5,0,2,51
4421,5,0,2,36
4422,5,0,2,24
4423,5,0,3,5
4424,5,0,3,10
4425,5,0,3,17
4426,5,1,3,20
4427,5,1,3,24
4428,5,1,3,28
4429,5,1,3,49
4430,5,1,2,26
4431,5,1,2,30
4432,5,1,2,36
4433,5,1,2,51
4434,5,1,2,62
4435,5,1,2,64
4436,5,1,2,66
4437,5,1,1,0
4438,5,1,1,4
4439,2,2,0,66
4440,5,1,1,6
4441,5,1,1,9
4442,2,3,0,59
4443,5,2,1,18
4444,5,2,1,23
4445,5,2,1,27
4446,5,2,1,33
4447,5,2,1,39
4448,5,2,1,43
4449,5,2,1,48
4450,5,2,1,57
4451,5,2,1,63
4452,5,2,0,1
4453,5,2,0,19
4454,5,2,0,26
4455,5,2,0,32
4456,5,2,0,38
4457,5,2,0,41
4458,5,2,0,60
4459,9,1,0,61
4460,9,1,0,48
4461,9,1,0,44
4462,9,1,0,32
4463,9,1,0,24
4464,9,1,0,17
4465,9,1,0,8
4466,9,1,0,4
4467,9,1,1,66
4468,9,1,1,60
4469,9,1,1,51
4470,9,1,1,47
4471,9,1,1,42
4472,9,1,1,36
4473,9,2,1,27
4474,9,2,1,23
4475,9,2,1,18
4476,9,2,1,16
4477,9,2,1,34
4478,9,2,1,32
4479,9,2,1,30
4480,9,2,1,28
4481,9,2,1,26
4482,9,2,1,24
4483,9,2,1,21
4484,9,2,1,15
4485,9,2,1,13
4486,9,2,2,20
4487,9,2,3,57
4488,9,2,3,54
4489,9,2,3,51
4490,9,2,3,47
4491,9,3,3,41
4492,9,3,3,40
4493,9,3,3,34
4494,9,3,2,0
4495,9,3,2,43
4496,9,3,2,28
4497,9,3,2,38
4498,9,3,2,47
4499,9,3,2,58
4500,0,1,0,50
4501,5,0,2,57
4502,5,0,2,46
4503,5,0,2,37
4504,5,0,2,27
4505,5,0,2,44
4506,5,0,3,67
4507,5,0,3,33
4508,5,0,3,39
4509,5,0,3,42
4510,5,1,3,46
4511,5,1,3,50
4512,5,1,3,55
4513,5,1,3,58
4514,5,1,2,21
4515,5,1,1,12
4516,5,1,1,14
4517,5,1,1,20
4518,5,1,1,23
4519,5,1,1,25
4520,5,1,1,27
4521,5,1,1,29
4522,5,1,1,31
4523,5,1,1,33
4524,5,1,1,17
4525,5,1,1,19
4526,5,1,1,24
4527,5,1,1,28
4528,5,2,1,35
4529,5,2,1,41
4530,5,2,1,46
4531,5,2,1,50
4532,5,2,1,59
4533,5,2,1,65
4534,5,2,0,3
4535,5,2,0,7
4536,5,2,0,16
4537,5,2,0,23
4538,5,2,0,31
4539,5,2,0,43
4540,5,2,0,49
4541,5,2,0,62
4542,9,1,0,65
4543,9,1,0,52
4544,9,1,0,43
4545,9,1,0,34
4546,9,1,0,26
4547,9,1,0,19
4548,9,1,0,10
4549,9,1,0,6
4550,9,1,0,0
4551,9,1,1,62
4552,9,1,1,55
4553,9,2,1,41
4554,9,2,1,39
4555,9,2,1,37
4556,9,2,1,35
4557,9,2,1,33
4558,9,2,1,31
4559,9,2,1,29
4560,9,2,1,47
4561,9,2,1,42
4562,9,2,1,40
4563,9,2,1,38
4564,9,2,1,36
4565,9,2,1,17
4566,9,2,1,10
4567,9,2,2,23
4568,9,2,2,16
4569,9,2,2,12
4570,9,2,2,8
4571,9,3,2,5
4572,9,3,3,67
4573,9,3,3,64
4574,9,3,3,60
4575,9,3,2,13
4576,9,3,2,48
4577,9,3,2,63
4578,9,3,2,42
4579,9,3,1,5
4580,9,3,2,62
4581,0,0,0,53
4582,5,0,2,61
4583,5,0,1,6
4584,5,0,2,41
4585,5,0,2,64
4586,5,0,2,49
4587,5,0,2,12
4588,5,0,3,59
4589,5,0,3,63
4590,5,0,2,0
4591,5,0,2,6
4592,5,1,2,7
4593,5,1,2,13
4594,5,1,2,17
4595,5,1,2,24
4596,5,1,1,10
4597,5,1,1,16
4598,5,1,1,35
4599,5,1,1,37
4600,5,1,1,39
4601,5,1,1,41
4602,5,1,1,46
4603,5,1,1,30
4604,5,1,1,32
4605,5,1,1,34
4606,5,1,1,36
4607,5,1,1,38
4608,5,1,1,40
4609,5,1,1,42
4610,5,2,1,54
4611,5,2,1,61
4612,5,2,1,67
4613,5,2,0,5
4614,5,2,0,9
4615,5,2,0,18
4616,5,2,0,25
4617,5,2,0,33
4618,5,2,0,44
4619,5,2,0,53
4620,5,2,0,66
4621,9,1,0,67
4622,9,1,0,54
4623,9,1,0,55
4624,9,1,0,46
4625,9,1,0,36
4626,9,1,0,30
4627,9,1,0,21
4628,9,1,0,13
4629,4,2,0,62
4630,9,2,1,59
4631,9,2,1,54
4632,9,2,1,50
4633,9,2,1,48
4634,9,2,1,46
4635,9,2,1,43
4636,9,2,1,62
4637,9,2,1,60
4638,9,2,1,58
4639,9,2,1,55
4640,9,2,1,53
4641,9,2,1,51
4642,9,3,0,5
4643,9,3,0,1
4644,9,3,1,65
4645,9,2,2,48
4646,9,2,2,41
4647,9,2,2,40
4648,9,2,2,36
4649,9,3,2,33
4650,9,3,2,30
4651,9,3,2,24
4652,9,3,2,46
4653,9,3,2,59
4654,9,3,1,16
4655,9,3,1,18
4656,9,3,1,20
4657,9,3,1,23
4658,9,3,1,25
4659,0,1,0,52
4660,5,0,1,26
4661,5,0,1,24
4662,5,0,1,21
4663,5,0,1,19
4664,5,0,1,17
4665,5,0,2,60
4666,5,0,2,47
4667,5,0,2,23
4668,5,0,2,29
4669,5,0,2,34
4670,5,1,2,35
4671,5,1,2,39
4672,5,1,2,42
4673,5,1,2,49
4674,5,0,1,66
4675,5,0,0,2
4676,5,0,0,6
4677,5,1,1,50
4678,5,1,1,52
4679,5,1,1,54
4680,5,1,1,57
4681,5,1,1,59
4682,5,1,1,61
4683,5,1,1,44
4684,5,1,1,47
4685,5,1,1,49
4686,5,1,1,51
4687,5,1,1,55
4688,5,1,1,60
4689,2,3,0,61
4690,5,2,0,12
4691,5,2,0,20
4692,5,2,0,29
4693,5,2,0,35
4694,5,2,0,47
4695,5,2,0,54
4696,5,2,0,55
4697,5,2,0,67
4698,9,1,0,64
4699,9,1,0,60
4700,9,1,0,51
4701,9,1,0,49
4702,9,1,0,40
4703,4,2,0,58
4704,9,2,0,3
4705,9,2,0,1
4706,9,2,1,67
4707,9,2,1,65
4708,9,2,1,63
4709,9,2,1,61
4710,9,3,0,20
4711,9,3,0,18
4712,9,3,0,16
4713,9,3,0,14
4714,9,3,0,12
4715,9,3,0,9
4716,9,3,0,7
4717,9,2,1,66
4718,9,2,1,64
4719,9,3,1,63
4720,9,2,1,7
4721,9,2,1,1
4722,9,2,2,66
4723,9,3,2,61
4724,9,3,2,57
4725,9,3,2,55
4726,9,3,2,49
4727,9,3,1,31
4728,9,3,1,35
4729,9,3,1,41
4730,9,3,1,46
4731,9,3,1,48
4732,9,3,1,50
4733,9,3,1,52
4734,0,0,0,55
4735,5,0,1,53
4736,5,0,1,51
4737,5,0,1,49
4738,5,0,1,47
4739,5,0,1,42
4740,5,0,1,36
4741,5,0,1,32
4742,5,0,2,48
4743,5,0,2,54
4744,5,0,2,58
4745,5,0,2,62
4746,5,1,2,65
4747,5,1,1,2
4748,5,1,1,8
4749,5,0,1,64
4750,5,1,1,63
4751,5,1,1,65
4752,5,0,0,8
4753,5,0,0,10
4754,5,0,0,13
4755,5,0,0,15
4756,5,0,0,17
4757,5,0,0,19
4758,5,0,0,21
4759,5,1,1,62
4760,5,1,1,64
4761,5,1,1,66
4762,5,1,0,0
4763,5,1,0,2
4764,5,1,0,4
4765,2,3,0,57
4766,5,2,0,39
4767,5,2,0,48
4768,5,2,0,50
4769,5,2,0,59
4770,5,2,0,63
4771,9,1,0,62
4772,8,3,0,65
4773,9,2,0,25
4774,9,2,0,23
4775,9,2,0,20
4776,9,2,0,18
4777,9,2,0,16
4778,9,2,0,12
4779,9,2,0,7
4780,9,2,0,5
4781,9,2,0,19
4782,9,2,0,17
4783,9,2,0,15
4784,9,2,0,13
4785,9,2,0,10
4786,9,2,0,4
4787,9,2,0,2
4788,9,2,0,0
4789,9,2,1,14
4790,9,2,1,12
4791,9,3,1,27
4792,9,2,1,8
4793,9,3,1,9
4794,9,3,1,8
4795,9,3,1,6
4796,9,3,1,29
4797,9,3,1,33
4798,9,3,1,37
4799,9,3,1,43
4800,9,3,1,54
4801,9,3,1,57
4802,9,3,1,59
4803,9,3,1,61
4804,0,1,0,54
4805,5,0,1,62
4806,5,0,1,60
4807,5,0,1,58
4808,5,0,1,55
4809,5,0,1,44
4810,5,0,1,38
4811,5,0,1,34
4812,5,0,1,30
4813,5,0,1,5
4814,5,0,1,7
4815,5,0,1,9
4816,5,1,1,7
4817,5,0,1,28
4818,5,1,1,13
4819,5,1,1,15
4820,5,1,1,67
4821,5,1,0,1
4822,5,1,0,3
4823,5,1,0,9
4824,5,1,0,12
4825,5,1,0,14
4826,5,1,0,16
4827,5,1,0,18
4828,5,1,0,6
4829,5,1,0,8
4830,5,1,0,13
4831,5,1,0,17
4832,5,1,0,19
4833,5,1,0,21
4834,5,1,0,24
4835,5,1,0,26
4836,6,0,0,66
4837,5,2,0,61
4838,9,2,0,46
4839,9,2,0,41
4840,9,2,0,39
4841,9,2,0,37
4842,9,2,0,35
4843,9,2,0,33
4844,9,2,0,31
4845,9,2,0,29
4846,9,2,0,36
4847,9,2,0,32
4848,9,2,0,30
4849,9,2,0,28
4850,9,2,0,26
4851,9,2,0,24
4852,9,2,0,21
4853,9,2,0,6
4854,9,2,1,25
4855,9,2,1,20
4856,9,2,1,19
4857,9,3,1,14
4858,9,3,1,12
4859,9,3,1,10
4860,9,3,1,13
4861,9,3,1,15
4862,9,3,1,17
4863,9,3,1,19
4864,9,3,1,21
4865,9,3,1,24
4866,9,3,1,26
4867,9,3,1,28
4868,9,3,1,30
4869,0,0,0,60
4870,5,0,1,29
4871,5,0,1,27
4872,5,0,1,25
4873,5,0,1,23
4874,5,0,1,20
4875,5,0,1,18
4876,5,0,1,16
4877,5,0,1,14
4878,5,0,1,12
4879,5,0,1,10
4880,5,0,1,13
4881,5,0,1,15
4882,5,1,1,18
4883,5,1,1,21
4884,5,1,1,26
4885,5,1,0,5
4886,5,1,0,20
4887,5,1,0,23
4888,5,1,0,25
4889,5,1,0,27
4890,5,1,0,29
4891,5,1,0,31
4892,5,1,0,35
4893,5,1,0,30
4894,5,1,0,32
4895,5,1,0,34
4896,5,1,0,36
4897,5,1,0,38
4898,5,1,0,40
4899,5,1,0,42
4900,5,1,0,47
4901,9,2,0,63
4902,9,2,0,61
4903,9,2,0,59
4904,9,2,0,57
4905,9,2,0,54
4906,9,2,0,52
4907,9,2,0,50
4908,9,2,0,48
4909,9,2,0,49
4910,9,2,0,47
4911,9,2,0,44
4912,9,2,0,42
4913,9,2,0,40
4914,9,2,1,57
4915,9,2,1,52
4916,9,2,1,49
4917,9,2,1,44
4918,9,3,1,39
4919,9,3,1,36
4920,9,3,1,32
4921,9,3,1,34
4922,9,3,1,38
4923,9,3,1,40
4924,9,3,1,42
4925,9,3,1,44
4926,9,3,1,47
4927,9,3,1,49
4928,9,3,1,51
4929,9,3,1,53
4930,0,1,0,59
4931,5,0,1,52
4932,5,0,1,50
4933,5,0,1,48
4934,5,0,1,46
4935,5,0,1,43
4936,5,0,1,41
4937,5,0,1,39
4938,5,0,1,37
4939,5,0,1,33
4940,5,0,1,31
4941,5,0,1,35
4942,5,0,1,40
4943,5,1,1,43
4944,5,1,1,48
4945,5,1,1,53
4946,5,1,1,58
4947,5,1,0,39
4948,5,1,0,41
4949,5,1,0,43
4950,5,1,0,46
4951,5,1,0,48
4952,5,1,0,49
4953,5,1,0,51
4954,5,1,0,53
4955,5,1,0,55
4956,5,1,0,58
4957,5,1,0,60
4958,5,1,0,62
4959,5,1,0,64
4960,9,3,0,37
4961,9,3,0,39
4962,9,3,0,41
4963,9,3,0,43
4964,9,3,0,27
4965,9,2,0,62
4966,9,2,0,60
4967,9,2,0,58
4968,9,2,0,55
4969,9,2,0,53
4970,9,2,0,14
4971,9,2,0,9
4972,9,2,0,8
4973,9,3,0,3
4974,9,3,1,67
4975,9,3,1,64
4976,9,3,1,60
4977,9,3,1,58
4978,9,3,1,55
4979,9,3,1,62
4980,9,3,1,66
4981,9,3,0,0
4982,9,3,0,2
4983,9,3,0,4
4984,9,3,0,6
4985,9,3,0,8
4986,0,0,0,62
4987,5,0,0,7
4988,5,0,0,5
4989,5,0,0,3
4990,5,0,0,1
4991,5,0,1,67
4992,5,0,1,65
4993,5,0,1,61
4994,5,0,1,54
4995,5,0,1,57
4996,5,0,1,59
4997,5,0,1,63
4998,5,0,0,0
4999,5,0,0,4
5000,5,1,0,7
5001,5,1,0,10
5002,5,1,0,15
5003,5,1,0,52
5004,5,1,0,54
5005,5,1,0,57
5006,5,1,0,59
5007,5,1,0,61
5008,5,0,0,28
5009,5,0,0,44
5010,5,0,0,42
5011,5,0,0,40
5012,5,0,0,38
5013,9,3,0,35
5014,9,3,0,31
5015,9,3,0,25
5016,9,3,0,23
5017,9,2,0,64
5018,9,2,0,51
5019,9,2,0,43
5020,9,2,0,38
5021,9,2,0,34
5022,9,3,0,29
5023,9,3,0,26
5024,9,3,0,21
5025,9,3,0,17
5026,9,3,0,15
5027,9,3,0,13
5028,9,3,0,10
5029,9,3,0,19
5030,9,3,0,24
5031,9,3,0,28
5032,9,3,0,30
5033,9,3,0,32
5034,9,3,0,34
5035,0,1,0,61
5036,5,0,0,33
5037,5,0,0,31
5038,5,0,0,29
5039,5,0,0,27
5040,5,0,0,23
5041,5,0,0,18
5042,5,0,0,9
5043,5,0,0,12
5044,5,0,0,14
5045,5,0,0,16
5046,5,0,0,20
5047,5,0,0,25
5048,5,0,0,30
5049,5,1,0,33
5050,5,1,0,37
5051,5,1,0,44
5052,5,1,0,50
5053,5,1,0,63
5054,5,0,0,24
5055,5,0,0,26
5056,5,0,0,32
5057,5,0,0,36
5058,9,3,0,33
5059,9,2,0,67
5060,9,2,0,65
5061,9,2,0,66
5062,9,3,0,61
5063,9,3,0,57
5064,9,3,0,53
5065,9,3,0,49
5066,9,3,0,44
5067,9,3,0,42
5068,9,3,0,40
5069,9,3,0,38
5070,9,3,0,36
5071,9,3,0,47
5072,9,3,0,51
5073,9,3,0,55
5074,9,3,0,58
5075,9,3,0,60
5076,0,0,0,66
5077,5,0,0,59
5078,5,0,0,57
5079,5,0,0,54
5080,5,0,0,50
5081,5,0,0,46
5082,5,0,0,35
5083,5,0,0,37
5084,5,0,0,39
5085,5,0,0,41
5086,5,0,0,43
5087,5,0,0,48
5088,5,0,0,52
5089,5,0,0,58
5090,5,0,0,62
5091,5,1,0,65
5092,5,1,0,66
5093,5,1,0,67
5094,5,0,0,34
5095,9,3,0,66
5096,9,3,0,67
5097,9,3,0,65
5098,9,3,0,63
5099,9,3,0,59
5100,9,3,0,54
5101,9,3,0,52
5102,9,3,0,50
5103,9,3,0,48
5104,9,3,0,46
5105,9,3,0,64
5106,9,3,0,62
5107,0,1,0,65
5108,5,0,0,61
5109,5,0,0,63
5110,5,0,0,47
5111,5,0,0,49
5112,5,0,0,51
5113,5,0,0,53
5114,5,0,0,55
5115,5,0,0,60
5116,5,0,0,64
5117,5,0,0,66
5118,5,0,0,67
5119,5,0,0,65
5120,8,2,0,67
5121,8,2,0,61
5122,8,2,0,52
5123,8,2,0,16
5124,8,2,1,67
5125,8,2,1,52
5126,8,2,1,35
5127,8,2,1,60
5128,8,2,1,18
5129,8,2,1,7
5130,8,2,1,5
5131,8,2,2,63
5132,8,2,2,61
5133,8,2,2,43
5134,8,2,2,14
5135,8,2,3,67
5136,8,2,3,50
5137,8,2,3,35
5138,8,2,3,54
5139,8,2,3,3
5140,8,2,3,1
5141,8,2,3,27
5142,8,3,3,31
5143,8,3,3,61
5144,8,2,3,62
5145,8,2,3,58
5146,8,2,3,37
5147,8,2,3,51
5148,8,2,3,31
5149,8,2,3,23
5150,8,2,3,47
5151,8,2,3,18
5152,8,2,3,42
5153,8,2,3,36
5154,8,2,3,14
5155,8,3,2,29
5156,8,2,3,9
5157,8,2,3,5
5158,8,3,2,31
5159,8,2,2,8
5160,8,3,2,33
5161,8,3,2,37
5162,8,2,2,4
5163,8,3,2,39
5164,8,2,3,66
5165,8,3,3,59
5166,8,3,2,41
5167,8,3,3,63
5168,8,3,2,43
5169,8,3,2,46
5170,8,3,3,57
5171,8,3,3,10
5172,8,3,3,67
5173,8,3,2,5
5174,8,3,3,19
5175,8,3,2,9
5176,8,2,3,32
5177,8,2,3,28
5178,8,3,2,14
5179,8,2,3,24
5180,8,3,2,23
5181,8,3,2,25
5182,8,3,2,27
5183,4,1,1,21
5184,4,1,1,44
5185,4,1,1,30
5186,4,1,0,46
5187,4,1,1,26
5188,4,1,0,35
5189,4,1,0,29
5190,4,1,1,32
5191,4,1,0,27
5192,4,1,1,51
5193,4,1,0,57
5194,4,1,0,4
5195,4,1,1,63
5196,4,1,0,8
5197,4,1,1,59
5198,4,1,1,52
5199,4,1,1,43
5200,4,1,1,41
5201,4,1,1,29
5202,4,1,1,33
5203,4,1,1,27
5204,4,1,1,18
5205,4,1,1,0
5206,4,1,1,14
5207,4,1,2,62
5208,4,1,1,6
5209,4,1,1,4
5210,4,1,2,55
5211,4,1,1,2
5212,4,1,2,60
5213,4,1,2,47
5214,4,1,2,64
5215,4,1,2,40
5216,4,1,2,53
5217,4,1,2,49
5218,4,1,2,34
5219,4,1,2,44
5220,4,1,2,30
5221,4,1,2,21
5222,4,1,2,28
5223,4,1,2,4
5224,4,1,2,26
5225,4,1,2,19
5226,4,1,2,0
5227,4,1,2,17
5228,4,1,3,60
5229,4,1,3,41
5230,4,1,2,13
5231,4,1,3,35
5232,4,1,2,8
5233,2,0,2,37
5234,2,0,2,46
5235,2,0,2,25
5236,2,0,2,23
5237,2,0,2,18
5238,2,0,2,29
5239,2,0,2,12
5240,2,0,2,31
5241,2,0,2,62
5242,2,0,2,7
5243,2,0,3,23
5244,2,0,3,29
5245,2,0,3,16
5246,2,0,3,35
5247,2,0,3,12
5248,2,0,3,37
5249,2,0,3,39
5250,2,0,3,7
5251,2,0,3,50
5252,2,0,3,33
5253,4,0,2,60
5254,2,0,3,52
5255,4,0,2,62
5256,2,0,3,63
5257,2,0,3,59
5258,4,0,1,10
5259,2,0,2,0
5260,4,0,1,13
5261,4,0,1,21
5262,2,0,3,66
5263,4,0,1,24
5264,4,0,2,64
5265,1,3,2,44
5266,1,3,2,42
5267,1,3,2,47
5268,1,2,2,62
5269,1,2,2,60
5270,1,1,2,59
5271,1,1,2,61
5272,1,0,2,46
5273,1,0,2,43
5274,1,0,2,41
5275,3,1,2,63
5276,3,1,1,23
5277,3,1,1,20
5278,0,3,3,65
5279,3,1,1,12
5280,0,3,3,67
5281,0,3,3,60
5282,3,1,1,10
5283,0,3,3,64
5284,3,1,2,61
5285,3,1,2,59
5286,0,3,3,53
5287,0,3,3,34
5288,0,3,3,51
5289,0,3,3,40
5290,0,3,3,8
5291,0,3,3,38
5292,0,3,3,13
5293,0,3,3,17
5294,0,3,3,36
5295,0,3,3,30
5296,0,3,3,24
5297,0,3,2,61
5298,0,3,2,8
5299,0,3,2,32
5300,0,3,2,13
5301,0,3,2,19
5302,0,3,2,30
5303,0,3,2,24
5304,0,3,2,26
5305,0,3,2,38
5306,0,3,2,47
5307,3,0,2,7
5308,3,0,3,36
5309,3,0,3,42
5310,3,0,2,12
5311,3,0,3,59
5312,3,0,2,16
5313,3,0,2,18
5314,3,0,3,67
5315,3,0,2,25
5316,3,0,2,3
5317,3,0,2,20
5318,3,0,2,27
5319,3,0,2,29
5320,3,0,2,43
5321,3,0,2,48
5322,3,0,2,33
5323,3,0,2,52
5324,3,0,2,39
5325,3,0,2,46
5326,3,0,2,63
5327,3,0,2,59
5328,3,0,1,1
5329,3,0,1,3
5330,3,0,2,54
5331,3,0,1,5
5332,3,0,2,61
5333,3,0,2,67
5334,3,0,1,15
5335,3,0,1,19
5336,3,0,1,28
5337,3,0,1,30
5338,3,0,1,34
5339,3,0,1,42
5340,3,0,1,44
5341,3,0,1,60
5342,3,0,1,53
5343,3,0,0,7
5344,3,0,1,64
5345,3,0,0,58
5346,3,0,0,3
5347,3,0,1,50
5348,3,0,0,28
5349,3,0,0,30
5350,3,0,1,31
5351,3,0,0,36
5352,3,0,1,25
5353,3,0,1,29
5354,3,0,0,47
5355,3,0,1,43
5356,3,0,1,20
5357,6,0,2,26
5358,6,0,2,28
5359,6,0,2,24
5360,6,1,3,23
5361,6,1,3,27
5362,6,0,2,15
5363,6,1,3,31
5364,6,0,2,10
5365,6,0,2,6
5366,6,0,3,18
5367,6,0,2,0
5368,6,0,3,9
5369,6,0,2,47
5370,6,0,3,58
5371,6,0,2,44
5372,6,0,3,64
5373,6,0,3,60
5374,6,0,2,42
5375,6,1,3,65
5376,6,0,2,40
5377,6,0,2,38
5378,6,1,2,3
5379,6,0,2,34
5380,6,1,2,7
5381,6,1,3,6
5382,6,0,2,32
5383,6,1,3,10
5384,6,0,2,30
5385,6,1,3,35
5386,6,1,3,15
5387,6,1,3,41
5388,6,1,3,19
5389,6,1,3,24
5390,6,1,3,46
5391,6,1,3,32
5392,6,1,3,50
5393,6,1,3,57
5394,6,1,3,38
5395,6,1,3,61
5396,6,0,3,62
5397,6,0,3,32
5398,6,1,3,28
5399,6,1,3,2
5400,6,1,3,4
5401,6,1,3,55
5402,6,1,3,36
5403,6,1,3,51
5404,6,1,2,0
5405,6,1,2,15
5406,6,1,2,44
5407,6,1,2,62
5408,6,1,2,64
5409,6,1,1,6
5410,6,1,1,8
5411,6,1,1,19
5412,6,1,1,59
5413,6,1,1,36
5414,6,1,1,53
5415,6,1,0,0
5416,6,1,0,17
5417,6,1,0,53
5418,6,1,0,62
5419,6,1,0,67
5420,8,2,0,62
5421,8,2,0,59
5422,8,2,0,50
5423,8,2,0,37
5424,8,2,0,38
5425,8,2,0,36
5426,8,2,0,32
5427,8,2,0,30
5428,8,2,0,26
5429,8,2,0,21
5430,8,2,0,15
5431,8,2,1,17
5432,8,3,1,50
5433,8,3,1,43
5434,8,2,2,50
5435,8,2,2,48
5436,8,2,2,39
5437,8,2,2,33
5438,8,2,2,27
5439,8,2,2,20
5440,8,2,2,12
5441,8,2,2,7
5442,8,2,3,48
5443,8,2,3,43
5444,8,2,3,49
5445,8,2,3,63
5446,8,2,3,59
5447,8,2,3,12
5448,8,2,3,52
5449,8,2,3,7
5450,8,2,3,44
5451,8,2,3,46
5452,8,2,3,40
5453,8,2,3,41
5454,8,2,3,17
5455,8,2,3,34
5456,8,2,3,13
5457,4,1,1,47
5458,8,2,3,26
5459,8,2,3,8
5460,4,1,0,52
5461,8,3,3,50
5462,8,3,3,46
5463,4,1,0,39
5464,8,3,3,41
5465,4,1,0,31
5466,4,1,0,25
5467,8,3,3,35
5468,4,1,0,16
5469,8,3,3,27
5470,4,1,1,36
5471,4,1,0,40
5472,4,1,0,54
5473,4,1,0,32
5474,4,1,0,2
5475,4,1,0,41
5476,4,1,0,6
5477,4,1,1,60
5478,4,1,1,62
5479,4,1,0,10
5480,4,1,1,64
5481,4,1,0,63
5482,4,1,0,61
5483,4,1,1,66
5484,4,1,0,9
5485,4,1,0,0
5486,4,1,0,67
5487,4,1,0,7
5488,4,1,0,59
5489,4,1,0,5
5490,4,1,0,3
5491,4,1,0,14
5492,4,1,0,1
5493,4,1,0,12
5494,4,1,1,61
5495,4,1,1,67
5496,4,1,1,48
5497,4,1,1,54
5498,4,1,1,39
5499,4,1,1,31
5500,4,1,1,9
5501,4,1,1,16
5502,4,1,1,23
5503,4,1,1,1
5504,4,1,1,25
5505,4,1,2,67
5506,4,1,3,47
5507,4,1,1,7
5508,4,1,3,38
5509,4,1,1,5
5510,4,1,2,65
5511,4,1,3,13
5512,4,1,2,6
5513,4,1,3,19
5514,4,1,3,26
5515,4,1,3,64
5516,4,1,3,30
5517,4,1,3,55
5518,4,1,3,51
5519,4,1,3,29
5520,4,1,3,33
5521,4,1,3,7
5522,4,1,3,48
5523,4,1,3,25
5524,4,1,3,54
5525,4,1,3,18
5526,4,1,3,14
5527,4,1,3,67
5528,4,1,3,12
5529,4,0,2,16
5530,4,0,2,23
5531,2,0,2,50
5532,4,0,2,31
5533,2,0,2,39
5534,2,0,2,33
5535,4,0,2,33
5536,2,0,2,52
5537,4,0,1,0
5538,4,0,1,15
5539,2,0,2,57
5540,4,0,1,17
5541,4,0,2,53
5542,4,0,2,58
5543,4,0,1,19
5544,4,0,1,2
5545,4,0,2,51
5546,4,0,1,35
5547,4,0,1,4
5548,4,0,1,39
5549,4,0,0,8
5550,4,0,0,10
5551,4,0,1,41
5552,4,0,0,13
5553,4,0,1,43
5554,1,3,3,62
5555,4,0,1,46
5556,1,3,3,9
5557,4,0,1,48
5558,4,0,1,50
5559,1,2,3,47
5560,1,2,2,34
5561,1,2,3,49
5562,1,2,3,51
5563,1,2,2,32
5564,1,2,3,55
5565,1,2,2,28
5566,1,1,3,61
5567,1,2,3,62
5568,1,1,2,27
5569,1,1,3,54
5570,1,1,3,50
5571,1,1,2,31
5572,1,1,3,48
5573,1,1,2,33
5574,3,1,1,51
5575,1,1,3,46
5576,3,1,1,49
5577,1,0,3,10
5578,1,0,3,61
5579,3,1,1,47
5580,3,1,1,44
5581,3,1,0,12
5582,3,1,0,9
5583,3,1,1,42
5584,3,1,0,7
5585,3,1,1,40
5586,3,1,1,36
5587,3,1,1,3
5588,3,1,2,50
5589,3,1,1,1
5590,3,1,2,57
5591,3,1,1,18
5592,3,1,2,52
5593,3,1,1,16
5594,3,1,1,14
5595,0,3,2,58
5596,3,1,2,67
5597,0,3,2,53
5598,0,3,2,34
5599,3,1,2,34
5600,0,3,2,40
5601,3,1,2,32
5602,3,1,2,24
5603,0,3,2,51
5604,3,1,2,17
5605,3,0,3,13
5606,3,0,3,15
5607,3,0,2,0
5608,3,0,3,19
5609,3,0,3,55
5610,3,0,3,49
5611,3,0,3,26
5612,3,0,3,8
5613,3,0,3,34
5614,3,0,3,50
5615,3,0,3,30
5616,3,0,3,54
5617,3,0,3,29
5618,3,0,3,25
5619,3,0,3,63
5620,3,0,3,18
5621,3,0,2,5
5622,3,0,2,66
5623,3,0,3,12
5624,3,0,1,6
5625,3,0,3,37
5626,3,0,3,46
5627,3,0,1,8
5628,3,0,1,0
5629,3,0,1,26
5630,3,0,1,24
5631,3,0,1,2
5632,3,0,1,17
5633,3,0,1,9
5634,3,0,1,40
5635,3,0,1,32
5636,3,0,1,55
5637,3,0,1,49
5638,3,0,1,62
5639,3,0,0,0
5640,3,0,0,13
5641,3,0,0,2
5642,3,0,0,4
5643,3,0,0,15
5644,3,0,0,6
5645,3,0,0,60
5646,3,0,0,67
5647,3,0,0,8
5648,3,0,1,67
5649,3,0,0,10
5650,3,0,0,62
5651,3,0,1,65
5652,3,0,0,64
5653,3,0,1,63
5654,3,0,1,61
5655,3,0,0,9
5656,3,0,1,59
5657,3,0,0,5
5658,3,0,0,1
5659,3,0,0,42
5660,3,0,0,31
5661,3,0,0,55
5662,3,0,1,35
5663,3,0,0,39
5664,6,0,3,28
5665,3,0,0,17
5666,3,0,0,26
5667,6,0,3,36
5668,3,0,0,32
5669,6,0,3,42
5670,6,0,3,47
5671,3,0,0,40
5672,6,0,3,51
5673,3,0,0,53
5674,6,1,3,25
5675,6,1,3,7
5676,3,0,1,46
5677,6,1,3,12
5678,6,1,3,16
5679,6,1,3,33
5680,6,1,3,42
5681,6,1,3,39
5682,6,1,3,43
5683,6,1,3,47
5684,6,1,3,8
5685,6,1,3,53
5686,6,1,3,60
5687,6,1,3,13
5688,6,1,3,64
5689,6,1,3,48
5690,6,1,3,44
5691,6,1,3,49
5692,6,1,2,8
5693,6,1,2,13
5694,6,1,2,21
5695,6,1,2,28
5696,6,1,2,34
5697,6,1,2,40
5698,6,1,2,49
5699,6,1,2,51
5700,6,0,1,44
5701,6,0,1,51
5702,6,1,1,16
5703,6,1,0,14
5704,6,1,0,20
5705,6,1,0,25
5706,6,1,0,29
5707,6,1,0,31
5708,6,1,0,35
5709,6,1,0,37
5710,6,1,0,38
5711,6,1,0,51
5712,6,1,0,60
5713,6,1,0,61
5714,8,2,0,63
5715,8,2,0,58
5716,8,2,0,46
5717,8,2,0,35
5718,8,2,0,8
5719,8,2,0,4
5720,8,2,1,64
5721,8,2,0,28
5722,8,2,0,24
5723,8,2,0,17
5724,8,2,0,13
5725,8,3,0,23
5726,8,2,1,19
5727,8,2,1,10
5728,8,3,1,46
5729,8,2,2,67
5730,8,2,2,57
5731,8,2,2,46
5732,8,2,2,37
5733,8,2,2,31
5734,8,2,2,25
5735,8,2,2,18
5736,8,2,2,9
5737,8,2,2,5
5738,8,2,2,3
5739,8,2,3,39
5740,8,2,3,25
5741,8,2,3,20
5742,8,2,3,33
5743,8,2,3,16
5744,8,2,3,29
5745,4,1,0,43
5746,4,1,1,40
5747,4,1,0,64
5748,4,1,0,48
5749,4,1,0,33
5750,4,1,0,62
5751,4,1,0,18
5752,4,1,0,60
5753,4,1,0,55
5754,4,1,0,20
5755,4,1,0,49
5756,4,1,0,23
5757,4,1,0,53
5758,4,1,0,21
5759,4,1,0,15
5760,4,1,0,19
5761,4,1,3,66
5762,4,1,0,24
5763,4,1,3,58
5764,4,1,0,30
5765,4,1,0,34
5766,4,1,3,49
5767,4,1,0,38
5768,4,1,3,42
5769,4,1,3,36
5770,4,1,0,44
5771,4,1,3,28
5772,4,1,3,24
5773,4,1,3,17
5774,4,1,3,21
5775,4,1,3,8
5776,4,1,3,15
5777,4,1,3,4
5778,4,1,3,0
5779,4,1,3,2
5780,4,1,3,6
5781,4,1,3,44
5782,4,1,2,63
5783,4,1,3,40
5784,4,1,2,57
5785,4,1,2,48
5786,4,1,3,34
5787,4,1,2,29
5788,4,1,3,32
5789,4,1,3,10
5790,4,1,2,23
5791,4,1,2,52
5792,4,1,2,20
5793,4,1,3,63
5794,4,1,2,41
5795,4,1,2,7
5796,4,1,2,37
5797,4,1,2,35
5798,4,0,3,27
5799,4,1,2,31
5800,4,0,3,35
5801,4,0,3,43
5802,4,1,3,5
5803,4,0,3,57
5804,4,1,3,52
5805,4,1,3,59
5806,4,0,2,1
5807,4,1,2,14
5808,4,0,2,44
5809,4,0,2,38
5810,4,0,2,34
5811,4,0,2,46
5812,4,0,2,42
5813,4,0,2,50
5814,4,0,2,47
5815,4,0,2,57
5816,4,0,2,54
5817,4,0,2,61
5818,4,0,2,63
5819,4,0,2,67
5820,4,0,2,65
5821,4,0,2,18
5822,4,0,2,9
5823,4,0,2,27
5824,4,0,2,25
5825,4,0,2,37
5826,4,0,2,39
5827,4,0,1,53
5828,4,0,1,47
5829,4,0,1,49
5830,4,0,1,51
5831,4,0,1,55
5832,4,0,1,58
5833,4,0,2,8
5834,4,0,1,62
5835,4,0,1,64
5836,4,0,1,66
5837,4,0,0,0
5838,4,0,0,4
5839,4,0,0,2
5840,4,0,1,57
5841,1,3,2,0
5842,4,0,1,54
5843,1,3,3,27
5844,1,3,3,64
5845,1,3,3,5
5846,1,2,2,19
5847,1,2,3,2
5848,1,2,2,64
5849,1,2,3,19
5850,1,2,3,0
5851,1,2,3,66
5852,1,2,3,13
5853,1,2,3,15
5854,1,2,2,24
5855,1,2,3,4
5856,1,2,3,7
5857,1,2,3,17
5858,1,1,3,16
5859,1,1,3,8
5860,1,1,3,3
5861,1,1,3,14
5862,1,1,2,23
5863,1,1,3,12
5864,1,1,3,65
5865,1,1,3,18
5866,1,1,3,0
5867,1,1,2,63
5868,1,1,3,1
5869,1,0,3,6
5870,1,1,2,18
5871,1,0,3,63
5872,1,0,3,28
5873,1,0,3,67
5874,3,1,1,55
5875,3,1,1,58
5876,3,1,0,1
5877,3,1,1,67
5878,3,1,0,3
5879,3,1,1,65
5880,3,1,1,63
5881,3,1,2,7
5882,3,1,1,61
5883,3,1,1,57
5884,3,1,1,54
5885,3,1,1,48
5886,3,1,1,50
5887,3,1,1,46
5888,3,1,1,52
5889,3,1,2,38
5890,3,1,2,40
5891,3,1,2,26
5892,3,1,2,28
5893,3,1,2,19
5894,3,1,2,10
5895,3,1,2,66
5896,3,1,1,0
5897,3,1,2,62
5898,3,1,2,64
5899,3,1,2,55
5900,3,1,2,58
5901,3,1,2,51
5902,3,1,2,46
5903,3,1,2,41
5904,3,1,2,47
5905,3,1,2,37
5906,3,1,2,33
5907,3,1,2,43
5908,3,0,2,15
5909,3,0,3,60
5910,3,1,2,2
5911,3,0,3,53
5912,3,1,3,58
5913,3,1,3,44
5914,3,0,3,6
5915,3,1,3,36
5916,3,0,2,32
5917,3,0,2,36
5918,3,1,3,28
5919,3,0,2,38
5920,3,0,2,8
5921,3,0,3,64
5922,3,0,2,42
5923,3,0,2,21
5924,3,0,2,53
5925,3,0,3,9
5926,3,0,2,24
5927,3,0,3,31
5928,3,0,2,30
5929,3,0,2,49
5930,3,0,3,33
5931,3,0,2,58
5932,3,0,3,39
5933,3,0,3,43
5934,3,0,2,64
5935,3,0,3,5
5936,3,0,3,1
5937,3,0,3,3
5938,3,0,3,0
5939,3,0,3,14
5940,3,0,3,7
5941,3,0,3,16
5942,3,0,3,20
5943,3,0,3,23
5944,3,0,3,27
5945,3,0,3,35
5946,3,0,0,43
5947,3,0,3,41
5948,3,0,0,37
5949,3,0,0,33
5950,3,0,3,48
5951,3,0,0,29
5952,3,0,3,57
5953,3,0,3,65
5954,3,0,0,23
5955,3,0,0,18
5956,3,0,0,14
5957,3,0,0,52
5958,3,0,0,20
5959,3,0,0,24
5960,3,0,0,48
5961,3,0,0,54
5962,3,0,0,21
5963,3,0,0,59
5964,3,0,0,19
5965,3,0,0,34
5966,3,0,0,61
5967,3,0,0,49
5968,3,0,0,63
5969,3,0,0,44
5970,3,0,1,39
5971,6,1,3,30
5972,6,1,3,17
5973,6,1,3,21
5974,6,1,3,34
5975,6,1,3,26
5976,6,1,3,40
5977,6,1,2,4
5978,6,1,2,6
5979,6,1,2,10
5980,6,1,2,19
5981,6,1,2,26
5982,6,1,2,32
5983,6,1,2,38
5984,6,1,2,47
5985,6,1,2,58
5986,6,1,1,0
5987,6,0,1,47
5988,6,1,1,10
5989,6,1,1,18
5990,6,0,0,24
5991,6,1,0,12
5992,6,1,0,16
5993,6,1,0,23
5994,6,1,0,27
5995,6,1,1,63
5996,6,1,0,3
5997,6,1,0,7
5998,6,1,0,36
5999,6,1,0,47
6000,6,1,0,57
6001,6,1,0,64
6002,8,2,0,60
6003,8,2,0,57
6004,8,2,0,43
6005,8,2,0,31
6006,8,2,0,14
6007,8,2,0,1
6008,8,2,1,62
6009,8,2,1,43
6010,8,2,1,49
6011,8,2,1,29
6012,8,2,0,10
6013,8,3,0,25
6014,8,2,1,26
6015,8,2,1,21
6016,8,2,1,13
6017,8,3,1,48
6018,8,2,1,3
6019,8,2,2,65
6020,8,2,2,54
6021,8,2,2,41
6022,8,2,2,35
6023,8,2,2,29
6024,8,2,2,23
6025,8,2,2,16
6026,8,2,2,1
6027,8,2,3,65
6028,4,1,0,36
6029,4,1,0,51
6030,4,1,0,47
6031,4,1,2,66
6032,4,1,0,26
6033,4,1,2,58
6034,4,1,2,51
6035,4,1,0,17
6036,4,1,2,42
6037,4,1,2,38
6038,4,1,2,32
6039,4,1,2,36
6040,4,1,2,24
6041,4,1,2,27
6042,4,1,2,18
6043,4,1,2,15
6044,4,1,2,12
6045,4,1,2,10
6046,4,1,2,2
6047,4,1,2,3
6048,4,1,3,62
6049,4,1,3,65
6050,4,1,3,57
6051,4,1,3,53
6052,4,1,3,50
6053,4,1,3,46
6054,4,1,3,39
6055,4,1,3,43
6056,4,1,3,31
6057,4,1,3,37
6058,4,1,3,27
6059,4,1,3,23
6060,4,1,3,20
6061,4,1,3,16
6062,4,1,3,9
6063,4,0,3,13
6064,4,1,3,1
6065,4,0,3,10
6066,4,0,3,8
6067,4,1,3,3
6068,4,0,3,15
6069,4,1,3,61
6070,4,1,2,5
6071,4,0,3,19
6072,4,0,2,15
6073,4,0,3,24
6074,4,0,3,30
6075,4,0,3,0
6076,4,0,3,53
6077,4,0,3,58
6078,4,0,2,2
6079,4,0,2,0
6080,4,0,3,23
6081,4,0,3,20
6082,4,0,3,14
6083,4,0,3,18
6084,4,0,3,29
6085,4,0,3,31
6086,4,0,3,41
6087,4,0,3,37
6088,4,0,3,52
6089,4,0,3,46
6090,4,0,3,61
6091,4,0,3,65
6092,4,0,3,50
6093,4,0,2,7
6094,4,0,2,12
6095,4,0,1,7
6096,4,0,1,3
6097,1,3,2,25
6098,1,3,2,9
6099,1,3,2,13
6100,1,3,3,49
6101,4,0,1,1
6102,4,0,1,59
6103,1,3,3,36
6104,4,0,1,61
6105,4,0,1,63
6106,4,0,0,5
6107,4,0,1,65
6108,4,0,0,7
6109,4,0,0,1
6110,4,0,0,3
6111,4,0,0,9
6112,4,0,2,4
6113,4,0,0,12
6114,4,0,0,16
6115,4,0,0,18
6116,4,0,0,20
6117,4,0,0,23
6118,4,0,0,27
6119,4,0,0,25
6120,4,0,0,31
6121,1,3,3,53
6122,1,3,3,58
6123,4,0,0,33
6124,1,3,3,12
6125,1,3,3,23
6126,1,3,3,29
6127,1,2,3,10
6128,1,2,3,36
6129,1,2,3,40
6130,1,2,2,15
6131,1,2,2,17
6132,1,2,2,49
6133,1,2,2,51
6134,1,2,3,21
6135,1,2,3,26
6136,1,2,2,0
6137,1,2,2,6
6138,1,2,2,36
6139,1,2,2,26
6140,1,2,3,3
6141,1,2,3,5
6142,1,1,3,27
6143,1,2,3,28
6144,1,1,3,6
6145,1,1,3,4
6146,1,1,2,35
6147,1,1,2,25
6148,1,1,2,5
6149,1,1,3,67
6150,1,1,3,20
6151,1,1,3,25
6152,1,1,2,50
6153,1,1,2,48
6154,1,1,2,14
6155,1,1,2,16
6156,1,1,3,39
6157,1,1,3,35
6158,1,0,3,30
6159,1,1,3,9
6160,1,0,3,24
6161,1,0,3,13
6162,1,0,3,57
6163,3,1,0,34
6164,1,0,3,52
6165,3,1,0,32
6166,3,1,0,28
6167,3,1,0,26
6168,3,1,0,24
6169,3,1,0,21
6170,3,1,0,17
6171,3,1,0,19
6172,3,1,0,13
6173,3,1,2,3
6174,3,1,0,4
6175,3,1,0,10
6176,3,1,0,2
6177,3,1,0,8
6178,3,1,0,6
6179,3,1,1,66
6180,3,1,1,64
6181,3,1,1,62
6182,3,1,1,60
6183,1,0,3,35
6184,3,1,1,2
6185,1,0,3,48
6186,1,0,2,10
6187,1,0,2,12
6188,1,0,2,26
6189,3,1,1,4
6190,3,1,2,13
6191,3,1,1,8
6192,3,1,2,8
6193,3,1,3,51
6194,3,1,3,62
6195,3,1,3,66
6196,3,1,3,47
6197,3,1,3,53
6198,3,1,3,42
6199,3,1,3,38
6200,3,1,3,32
6201,3,1,3,30
6202,3,1,3,15
6203,3,1,3,19
6204,3,1,3,21
6205,3,1,3,24
6206,3,1,2,1
6207,3,1,3,67
6208,3,1,3,57
6209,3,1,3,52
6210,3,1,3,29
6211,3,1,3,0
6212,3,1,3,23
6213,3,1,2,14
6214,3,0,2,6
6215,3,1,3,18
6216,3,0,3,62
6217,3,1,3,14
6218,3,1,3,7
6219,3,0,3,4
6220,3,1,3,9
6221,3,0,3,2
6222,3,0,3,10
6223,3,1,3,12
6224,3,0,3,17
6225,3,0,3,21
6226,3,0,3,28
6227,3,0,3,24
6228,3,0,3,38
6229,3,0,3,32
6230,3,0,3,40
6231,3,0,3,44
6232,3,0,3,47
6233,3,0,3,51
6234,3,0,3,58
6235,3,0,3,52
6236,3,0,3,66
6237,3,0,3,61
6238,3,0,2,1
6239,3,0,2,4
6240,3,0,2,9
6241,3,0,2,13
6242,3,0,2,19
6243,3,0,2,14
6244,3,0,2,28
6245,3,0,2,23
6246,3,0,2,31
6247,3,0,2,35
6248,3,0,2,37
6249,3,0,2,41
6250,3,0,2,50
6251,3,0,0,16
6252,3,0,2,57
6253,3,0,0,25
6254,3,0,0,46
6255,3,0,2,65
6256,3,0,0,50
6257,3,0,0,35
6258,6,1,3,66
6259,6,1,2,2
6260,6,1,2,17
6261,6,1,2,24
6262,6,1,2,30
6263,6,1,2,36
6264,6,1,2,42
6265,6,1,2,55
6266,6,1,2,66
6267,6,1,1,4
6268,6,0,1,49
6269,6,1,1,12
6270,6,1,1,20
6271,6,1,1,25
6272,6,0,0,26
6273,6,1,0,9
6274,6,1,1,30
6275,6,1,1,48
6276,6,1,1,44
6277,6,1,1,61
6278,6,1,0,2
6279,6,1,0,15
6280,6,1,0,32
6281,6,1,0,44
6282,6,1,0,58
6283,6,1,0,59
6284,8,2,0,54
6285,8,2,0,41
6286,8,2,0,29
6287,8,2,0,12
6288,8,2,1,65
6289,8,2,1,59
6290,8,2,1,41
6291,8,2,1,47
6292,8,2,1,27
6293,8,2,1,40
6294,8,3,0,18
6295,8,2,1,28
6296,8,3,0,7
6297,8,2,1,24
6298,8,2,1,15
6299,8,2,3,61
6300,8,2,3,57
6301,8,2,1,1
6302,8,2,2,59
6303,8,2,2,52
6304,4,1,1,58
6305,4,1,1,42
6306,4,1,1,28
6307,4,1,1,13
6308,4,1,1,10
6309,4,1,1,8
6310,4,1,1,3
6311,4,1,2,61
6312,4,1,2,54
6313,4,1,2,59
6314,4,1,2,46
6315,4,1,2,50
6316,4,1,2,43
6317,4,1,2,39
6318,4,0,2,36
6319,4,1,2,33
6320,4,1,2,25
6321,4,0,2,28
6322,4,1,2,16
6323,4,0,2,21
6324,4,0,2,13
6325,4,1,2,9
6326,4,0,2,6
6327,4,1,2,1
6328,4,0,3,62
6329,4,0,3,66
6330,4,0,3,55
6331,4,0,3,60
6332,4,0,3,51
6333,4,0,3,47
6334,4,0,3,44
6335,4,0,3,40
6336,4,0,3,34
6337,4,0,3,36
6338,4,0,3,26
6339,4,0,3,28
6340,4,0,3,21
6341,4,0,3,17
6342,4,0,3,12
6343,4,0,3,6
6344,4,0,3,4
6345,4,0,3,5
6346,4,0,3,2
6347,4,0,3,1
6348,4,0,3,3
6349,4,0,3,38
6350,4,0,1,32
6351,4,0,3,32
6352,4,0,3,42
6353,4,0,1,34
6354,4,0,3,49
6355,4,0,1,36
6356,4,0,1,38
6357,4,0,3,64
6358,4,0,1,40
6359,4,0,3,7
6360,4,0,1,18
6361,4,0,1,16
6362,4,0,1,23
6363,4,0,1,20
6364,1,3,1,61
6365,4,0,1,25
6366,1,3,1,5
6367,4,0,1,27
6368,4,0,1,29
6369,1,3,1,0
6370,4,0,1,31
6371,1,3,2,48
6372,1,3,2,36
6373,4,0,1,33
6374,1,3,2,20
6375,1,3,2,19
6376,1,3,2,7
6377,1,3,2,8
6378,1,3,3,47
6379,1,3,3,42
6380,1,3,3,28
6381,1,3,3,32
6382,1,3,3,17
6383,1,3,3,21
6384,1,3,3,13
6385,1,3,3,6
6386,1,3,3,10
6387,1,3,3,2
6388,1,3,3,0
6389,1,3,3,8
6390,1,3,3,16
6391,1,3,3,4
6392,1,3,3,20
6393,1,3,3,33
6394,1,3,3,37
6395,1,3,3,43
6396,1,3,3,52
6397,1,3,3,48
6398,1,3,3,63
6399,1,3,3,54
6400,1,3,3,61
6401,1,2,2,47
6402,1,2,2,55
6403,1,2,2,18
6404,1,2,3,34
6405,1,2,3,8
6406,1,2,3,67
6407,1,2,3,44
6408,1,2,2,10
6409,1,2,2,1
6410,1,2,2,44
6411,1,2,2,14
6412,1,2,2,16
6413,1,2,3,32
6414,3,3,2,33
6415,1,2,2,8
6416,1,2,2,40
6417,3,3,3,67
6418,1,2,3,1
6419,3,3,3,37
6420,3,3,3,7
6421,3,2,3,8
6422,3,2,3,38
6423,1,1,3,2
6424,1,1,2,39
6425,3,2,2,0
6426,1,1,2,7
6427,3,2,2,34
6428,1,1,2,17
6429,1,1,3,31
6430,1,1,2,15
6431,1,1,2,43
6432,1,1,2,9
6433,1,1,2,2
6434,1,1,3,43
6435,1,1,2,0
6436,1,1,3,33
6437,1,1,3,7
6438,1,1,2,19
6439,1,1,2,54
6440,1,0,3,62
6441,1,1,2,46
6442,1,0,3,55
6443,1,0,3,64
6444,1,0,3,53
6445,1,0,3,49
6446,1,0,3,44
6447,1,0,3,38
6448,1,0,3,21
6449,1,0,3,34
6450,1,0,3,3
6451,1,0,3,17
6452,1,0,3,0
6453,1,0,3,7
6454,1,0,3,1
6455,1,0,3,9
6456,1,0,3,12
6457,1,0,3,5
6458,1,0,3,20
6459,1,0,3,16
6460,1,0,3,27
6461,1,0,3,31
6462,1,0,3,41
6463,1,0,3,46
6464,1,0,2,8
6465,1,0,2,7
6466,1,0,2,18
6467,1,0,2,21
6468,1,0,2,35
6469,3,1,1,34
6470,1,0,2,49
6471,3,1,1,32
6472,3,1,1,30
6473,1,0,2,67
6474,3,1,1,28
6475,1,0,1,6
6476,1,0,1,62
6477,3,1,1,26
6478,3,1,1,21
6479,3,1,1,24
6480,3,1,1,19
6481,3,1,1,17
6482,3,1,3,8
6483,3,1,1,39
6484,3,1,1,37
6485,3,1,3,63
6486,3,1,1,35
6487,3,1,3,48
6488,3,1,3,41
6489,3,1,1,33
6490,3,1,3,31
6491,3,1,1,31
6492,3,1,3,4
6493,3,1,3,37
6494,3,1,3,2
6495,3,1,3,1
6496,3,1,3,3
6497,3,1,3,6
6498,3,1,3,5
6499,3,1,3,13
6500,3,1,3,20
6501,3,1,3,16
6502,3,1,3,27
6503,3,1,3,25
6504,3,1,3,33
6505,3,1,3,35
6506,3,1,3,39
6507,3,1,3,43
6508,3,1,3,50
6509,3,1,3,46
6510,3,1,3,59
6511,3,1,3,54
6512,3,1,3,61
6513,3,1,3,65
6514,3,0,2,2
6515,3,1,2,5
6516,3,1,2,12
6517,3,0,2,10
6518,3,1,2,20
6519,3,0,2,17
6520,3,0,2,26
6521,3,1,2,27
6522,3,0,2,34
6523,3,1,2,35
6524,3,0,2,44
6525,3,0,2,40
6526,3,0,2,51
6527,3,0,2,47
6528,3,0,2,55
6529,3,0,2,60
6530,3,0,2,62
6531,3,0,1,4
6532,3,0,1,7
6533,3,0,1,10
6534,3,0,1,12
6535,3,0,1,27
6536,3,0,1,41
6537,3,0,1,57
6538,6,1,2,53
6539,6,1,2,60
6540,6,1,1,2
6541,6,1,3,58
6542,6,1,3,62
6543,6,1,1,14
6544,6,1,1,23
6545,6,0,0,8
6546,6,1,1,27
6547,6,0,0,19
6548,6,1,1,39
6549,6,1,1,28
6550,6,1,1,46
6551,6,1,1,42
6552,6,1,1,60
6553,6,1,1,66
6554,6,1,0,13
6555,6,1,0,30
6556,6,1,0,42
6557,6,1,0,55
6558,8,2,0,55
6559,8,2,0,39
6560,8,2,0,27
6561,8,2,0,9
6562,8,2,1,63
6563,8,2,1,57
6564,8,2,1,39
6565,8,2,1,44
6566,8,2,1,25
6567,8,2,1,38
6568,8,3,0,16
6569,8,3,0,14
6570,8,3,0,5
6571,8,3,1,65
6572,8,3,1,59
6573,4,1,0,66
6574,4,1,0,58
6575,4,1,0,42
6576,4,1,0,28
6577,4,1,0,13
6578,4,1,1,65
6579,4,1,1,50
6580,4,1,1,37
6581,4,1,1,20
6582,4,1,1,12
6583,4,0,1,6
6584,4,0,1,8
6585,4,0,2,66
6586,4,0,2,55
6587,4,0,2,49
6588,4,0,2,52
6589,4,0,2,40
6590,4,0,2,43
6591,4,0,2,35
6592,4,0,2,32
6593,4,0,2,29
6594,4,0,2,26
6595,4,0,2,19
6596,4,0,2,20
6597,4,0,2,10
6598,4,0,2,14
6599,4,0,2,5
6600,4,0,2,3
6601,4,0,3,67
6602,4,0,3,63
6603,4,0,3,54
6604,4,0,3,59
6605,4,0,3,48
6606,8,1,3,55
6607,8,1,3,47
6608,4,0,3,39
6609,8,1,3,36
6610,4,0,3,33
6611,4,0,3,25
6612,8,1,2,27
6613,4,0,3,16
6614,8,1,2,14
6615,8,1,2,1
6616,4,0,3,9
6617,8,1,3,20
6618,4,0,1,26
6619,4,0,1,28
6620,8,1,3,33
6621,4,0,1,42
6622,8,1,3,46
6623,1,3,0,67
6624,1,3,0,66
6625,1,3,0,57
6626,1,3,0,59
6627,1,3,0,49
6628,1,3,0,60
6629,1,3,0,48
6630,1,3,0,46
6631,1,3,0,32
6632,1,3,0,30
6633,1,3,0,31
6634,1,3,0,35
6635,1,3,0,39
6636,1,3,0,12
6637,1,3,1,1
6638,1,3,2,63
6639,1,3,2,62
6640,1,3,2,64
6641,1,3,2,37
6642,1,3,2,43
6643,1,3,2,32
6644,1,3,2,28
6645,1,3,2,16
6646,1,3,2,12
6647,1,3,2,4
6648,1,3,2,1
6649,1,3,3,44
6650,1,3,3,40
6651,1,3,3,26
6652,1,3,3,38
6653,1,3,3,24
6654,1,3,3,34
6655,1,3,3,30
6656,1,3,3,19
6657,1,3,3,25
6658,1,3,3,15
6659,1,3,3,7
6660,1,3,3,18
6661,1,3,3,3
6662,1,3,3,14
6663,1,2,3,31
6664,1,3,3,1
6665,1,2,3,6
6666,1,3,3,65
6667,1,2,3,18
6668,1,2,3,25
6669,1,2,3,41
6670,1,2,3,33
6671,1,2,2,20
6672,1,2,2,25
6673,1,2,3,57
6674,1,2,3,61
6675,1,2,3,65
6676,1,2,2,37
6677,1,2,2,5
6678,1,2,2,52
6679,1,2,1,28
6680,1,2,1,1
6681,3,3,3,26
6682,3,3,3,24
6683,3,3,3,21
6684,3,3,3,13
6685,3,3,2,35
6686,3,3,2,37
6687,3,3,2,7
6688,3,3,2,5
6689,3,3,3,33
6690,3,3,3,35
6691,3,2,3,10
6692,3,3,3,9
6693,3,2,3,36
6694,3,2,3,34
6695,3,2,2,8
6696,3,2,2,6
6697,3,2,2,38
6698,3,2,2,36
6699,3,2,3,20
6700,3,2,3,12
6701,3,2,3,23
6702,3,2,3,25
6703,1,1,1,27
6704,1,1,1,2
6705,1,1,2,53
6706,1,1,2,6
6707,1,1,3,66
6708,1,1,2,38
6709,1,1,3,62
6710,1,1,3,58
6711,1,1,2,21
6712,1,1,2,26
6713,1,1,3,34
6714,1,1,3,42
6715,1,1,3,19
6716,1,1,3,26
6717,1,0,3,66
6718,1,1,3,5
6719,1,1,3,32
6720,1,0,3,2
6721,1,0,3,15
6722,1,0,3,4
6723,1,0,3,8
6724,1,0,3,19
6725,1,0,3,14
6726,1,0,3,26
6727,1,0,3,29
6728,1,0,3,18
6729,1,0,3,33
6730,1,0,3,23
6731,1,0,3,25
6732,1,0,3,37
6733,1,0,3,39
6734,1,0,3,43
6735,1,0,2,3
6736,1,0,2,2
6737,1,0,2,13
6738,1,0,2,17
6739,1,0,2,31
6740,1,0,2,27
6741,1,0,2,44
6742,1,0,2,38
6743,1,0,2,61
6744,1,0,2,63
6745,1,0,2,64
6746,1,0,1,2
6747,1,0,0,40
6748,1,0,0,13
6749,1,0,0,36
6750,1,0,0,32
6751,1,0,0,31
6752,1,0,0,29
6753,1,0,0,47
6754,1,0,0,49
6755,1,0,0,48
6756,1,0,0,59
6757,1,0,0,60
6758,1,0,0,58
6759,1,0,0,67
6760,1,0,0,65
6761,6,2,3,47
6762,3,1,1,41
6763,3,1,1,27
6764,6,2,3,34
6765,3,1,1,25
6766,6,2,3,21
6767,6,2,2,2
6768,3,1,3,10
6769,6,2,2,15
6770,3,1,3,17
6771,3,1,3,26
6772,6,2,2,28
6773,3,1,3,34
6774,6,2,3,35
6775,6,2,3,46
6776,3,1,3,40
6777,6,2,3,54
6778,3,1,3,49
6779,3,1,3,55
6780,3,1,3,60
6781,3,1,3,64
6782,3,1,2,0
6783,3,1,2,6
6784,3,1,2,4
6785,3,1,2,15
6786,3,1,2,9
6787,3,1,2,18
6788,3,1,2,21
6789,3,1,2,25
6790,3,1,2,30
6791,3,1,2,36
6792,3,1,2,31
6793,3,1,2,44
6794,3,1,2,39
6795,3,1,2,48
6796,3,1,2,53
6797,3,1,2,54
6798,3,1,2,65
6799,3,1,1,7
6800,3,1,1,5
6801,3,0,1,13
6802,3,0,1,21
6803,3,0,1,38
6804,3,0,1,51
6805,3,0,1,66
6806,3,0,0,12
6807,3,0,0,27
6808,3,0,0,41
6809,3,0,0,57
6810,3,0,0,65
6811,6,0,1,60
6812,6,0,1,66
6813,6,0,0,6
6814,6,0,0,15
6815,6,0,0,17
6816,6,1,1,37
6817,6,1,1,26
6818,6,1,1,43
6819,6,1,1,40
6820,6,1,1,58
6821,6,1,1,64
6822,6,1,0,10
6823,6,1,0,28
6824,6,1,0,40
6825,6,1,0,54
6826,8,2,0,53
6827,8,2,0,47
6828,8,2,0,25
6829,8,2,0,7
6830,8,2,1,61
6831,8,2,1,50
6832,8,2,1,58
6833,8,2,1,42
6834,8,2,1,20
6835,8,2,1,36
6836,8,2,1,32
6837,8,3,0,12
6838,8,3,0,1
6839,8,3,1,63
6840,8,3,1,52
6841,8,3,1,54
6842,4,1,0,65
6843,4,1,0,50
6844,4,1,0,37
6845,4,0,0,21
6846,4,0,0,6
6847,4,0,1,60
6848,4,0,1,44
6849,4,0,1,30
6850,4,0,1,14
6851,4,0,1,12
6852,4,0,1,9
6853,4,0,1,5
6854,4,0,2,59
6855,4,0,2,48
6856,4,0,2,41
6857,8,1,2,19
6858,8,1,2,15
6859,8,1,2,17
6860,8,1,2,10
6861,8,1,2,13
6862,8,1,2,4
6863,8,1,2,8
6864,8,1,2,2
6865,8,1,2,0
6866,8,1,3,66
6867,8,1,3,62
6868,8,1,3,58
6869,8,1,3,60
6870,8,1,3,51
6871,8,1,3,53
6872,8,1,3,44
6873,8,1,3,42
6874,8,1,3,34
6875,8,1,3,30
6876,8,1,2,20
6877,8,1,2,25
6878,8,1,2,7
6879,8,1,2,12
6880,8,1,3,67
6881,8,1,3,65
6882,8,1,3,23
6883,8,1,3,27
6884,8,1,3,39
6885,8,1,3,35
6886,8,1,3,52
6887,8,1,3,48
6888,1,3,0,65
6889,1,3,0,63
6890,1,3,0,64
6891,1,3,0,53
6892,1,3,0,54
6893,1,3,0,58
6894,1,3,0,42
6895,1,3,0,44
6896,1,3,0,36
6897,1,3,0,19
6898,1,3,0,25
6899,1,3,0,23
6900,1,3,0,5
6901,1,3,0,9
6902,1,3,2,57
6903,1,3,2,61
6904,1,3,2,60
6905,1,3,2,53
6906,1,3,2,33
6907,1,3,2,29
6908,1,3,2,21
6909,1,3,2,26
6910,1,3,2,6
6911,1,3,2,10
6912,1,3,3,60
6913,1,3,2,2
6914,1,3,3,55
6915,1,3,3,66
6916,1,3,3,59
6917,1,3,3,51
6918,1,3,3,57
6919,1,3,3,41
6920,1,3,3,39
6921,1,3,3,50
6922,1,3,3,35
6923,1,3,3,46
6924,1,2,3,42
6925,1,3,3,31
6926,1,2,3,38
6927,1,2,3,30
6928,1,2,3,24
6929,1,2,3,29
6930,1,2,3,12
6931,1,2,3,27
6932,1,2,3,23
6933,1,2,3,9
6934,1,2,3,20
6935,1,2,3,14
6936,1,2,3,16
6937,1,2,2,39
6938,1,2,3,50
6939,1,2,2,33
6940,1,2,2,31
6941,1,2,2,35
6942,1,2,2,65
6943,1,2,2,63
6944,1,2,1,26
6945,1,2,1,24
6946,3,3,3,34
6947,3,3,3,36
6948,3,3,3,6
6949,3,3,3,10
6950,3,3,2,48
6951,3,3,2,39
6952,3,3,2,9
6953,3,3,2,12
6954,3,3,3,25
6955,3,3,3,39
6956,3,3,3,12
6957,3,2,3,13
6958,3,2,3,40
6959,3,2,3,26
6960,3,2,2,10
6961,3,2,2,13
6962,3,2,2,40
6963,3,2,2,49
6964,3,2,3,5
6965,3,2,3,9
6966,3,2,3,35
6967,3,2,3,33
6968,1,1,1,25
6969,1,1,1,23
6970,1,1,2,64
6971,1,1,2,66
6972,1,1,2,32
6973,1,1,2,36
6974,1,1,2,34
6975,1,1,3,51
6976,1,1,3,17
6977,1,1,2,40
6978,1,1,3,15
6979,1,1,3,21
6980,1,1,3,24
6981,1,1,3,10
6982,1,1,3,28
6983,1,1,3,13
6984,1,1,3,23
6985,1,1,3,30
6986,1,1,3,29
6987,1,1,3,37
6988,1,1,3,41
6989,1,0,3,32
6990,1,0,3,47
6991,1,0,3,36
6992,1,0,3,40
6993,1,0,3,51
6994,1,0,3,42
6995,1,0,3,58
6996,1,0,3,60
6997,1,0,3,50
6998,1,0,3,65
6999,1,0,3,54
7000,1,0,3,59
7001,1,0,2,1
7002,1,0,2,9
7003,1,0,2,5
7004,1,0,2,20
7005,1,0,2,25
7006,1,0,2,30
7007,1,0,2,34
7008,1,0,2,59
7009,1,0,2,52
7010,1,0,2,62
7011,1,0,2,58
7012,1,0,0,6
7013,1,0,0,10
7014,1,0,0,24
7015,1,0,0,26
7016,1,0,0,35
7017,1,0,0,18
7018,1,0,0,43
7019,1,0,0,41
7020,1,0,0,55
7021,1,0,0,57
7022,1,0,0,52
7023,1,0,0,63
7024,1,0,0,66
7025,1,0,0,64
7026,6,2,3,49
7027,6,2,3,53
7028,6,2,3,40
7029,6,2,3,36
7030,6,2,3,28
7031,6,2,3,24
7032,6,2,2,0
7033,6,2,3,66
7034,6,2,2,13
7035,6,2,2,8
7036,6,2,2,21
7037,6,2,2,26
7038,6,2,3,29
7039,6,2,3,33
7040,6,2,3,43
7041,6,2,3,41
7042,6,2,3,52
7043,6,2,3,50
7044,6,2,3,57
7045,6,2,3,59
7046,6,2,3,61
7047,6,2,3,65
7048,6,2,2,1
7049,6,2,3,67
7050,6,2,2,7
7051,6,2,2,3
7052,6,2,2,9
7053,6,2,2,12
7054,6,2,2,16
7055,6,2,2,14
7056,3,1,2,42
7057,6,2,2,18
7058,3,1,2,49
7059,3,1,2,60
7060,3,1,1,6
7061,3,1,1,9
7062,3,1,1,13
7063,3,1,1,15
7064,3,1,1,29
7065,3,1,1,43
7066,3,1,1,59
7067,3,1,0,5
7068,3,1,0,20
7069,3,0,0,38
7070,3,0,0,51
7071,3,0,0,66
7072,6,0,1,55
7073,6,0,1,53
7074,6,0,1,64
7075,6,0,0,2
7076,6,0,0,13
7077,6,1,1,31
7078,6,1,1,35
7079,6,1,1,21
7080,6,1,1,41
7081,6,1,1,57
7082,6,1,1,51
7083,6,1,1,62
7084,6,1,0,8
7085,6,1,0,26
7086,6,1,0,46
7087,6,1,0,52
7088,8,2,0,49
7089,8,2,0,44
7090,8,2,0,23
7091,8,2,0,5
7092,8,2,0,0
7093,8,2,1,48
7094,8,2,1,53
7095,8,2,1,33
7096,8,2,1,16
7097,8,2,1,34
7098,8,2,1,30
7099,8,3,0,9
7100,8,3,1,67
7101,8,3,1,61
7102,8,1,1,14
7103,4,0,0,17
7104,4,0,0,19
7105,4,0,0,60
7106,4,0,0,44
7107,4,0,0,29
7108,4,0,0,14
7109,4,0,1,67
7110,4,0,1,52
7111,4,0,1,37
7112,4,0,0,35
7113,4,0,0,37
7114,4,0,0,39
7115,4,0,0,41
7116,4,0,0,43
7117,4,0,0,46
7118,8,0,3,4
7119,8,0,3,6
7120,8,0,3,2
7121,8,0,3,8
7122,8,0,3,10
7123,8,0,3,19
7124,8,0,3,17
7125,8,0,3,28
7126,8,0,3,26
7127,8,0,3,36
7128,8,0,3,38
7129,8,1,3,49
7130,8,0,3,51
7131,8,1,3,38
7132,8,1,3,40
7133,8,1,2,29
7134,8,1,3,28
7135,8,1,2,18
7136,8,1,2,16
7137,8,1,2,5
7138,8,1,2,3
7139,8,1,3,61
7140,8,1,3,63
7141,8,1,3,31
7142,8,1,3,29
7143,8,1,3,41
7144,8,1,3,43
7145,8,1,3,54
7146,8,1,3,57
7147,8,1,3,59
7148,1,3,0,61
7149,8,0,2,62
7150,1,3,0,51
7151,1,3,0,52
7152,8,0,2,64
7153,1,3,0,40
7154,8,0,3,1
7155,8,0,3,18
7156,1,3,0,41
7157,8,0,3,20
7158,1,3,0,16
7159,1,3,1,67
7160,8,0,3,23
7161,1,3,2,52
7162,8,0,3,25
7163,1,3,2,40
7164,1,3,2,49
7165,1,3,2,38
7166,1,3,2,27
7167,1,3,2,24
7168,1,3,2,34
7169,1,3,2,17
7170,1,3,2,30
7171,1,3,2,23
7172,1,3,2,15
7173,1,3,2,18
7174,1,3,2,5
7175,1,3,2,3
7176,1,3,2,14
7177,1,3,3,67
7178,1,2,2,13
7179,1,2,2,4
7180,1,2,3,64
7181,1,2,2,2
7182,1,2,3,60
7183,1,2,3,58
7184,1,2,3,63
7185,1,2,3,46
7186,1,2,3,59
7187,1,2,3,54
7188,1,2,3,43
7189,1,2,3,52
7190,1,2,3,39
7191,1,2,3,37
7192,3,3,1,33
7193,7,2,3,25
7194,3,3,1,23
7195,3,3,0,33
7196,7,2,3,37
7197,3,3,0,43
7198,1,2,2,48
7199,1,2,2,50
7200,3,3,0,54
7201,1,2,2,67
7202,3,3,1,4
7203,3,3,2,36
7204,1,2,1,19
7205,3,3,2,34
7206,3,3,3,38
7207,3,3,3,8
7208,3,3,2,10
7209,7,3,2,36
7210,3,3,3,62
7211,3,3,2,59
7212,3,3,2,20
7213,3,3,3,65
7214,3,3,3,46
7215,3,2,3,19
7216,3,3,3,18
7217,3,2,3,47
7218,3,2,3,66
7219,3,2,2,60
7220,3,2,2,21
7221,3,2,3,61
7222,7,0,2,35
7223,3,2,3,7
7224,3,2,2,9
7225,3,2,3,37
7226,3,2,2,33
7227,3,2,2,35
7228,1,1,1,18
7229,3,2,1,3
7230,1,1,1,0
7231,1,1,2,51
7232,3,2,0,55
7233,1,1,2,49
7234,3,2,0,44
7235,3,2,0,34
7236,7,1,3,38
7237,3,2,1,24
7238,7,1,3,26
7239,1,1,3,38
7240,3,2,1,34
7241,1,1,3,40
7242,1,1,3,53
7243,1,1,3,55
7244,1,1,3,44
7245,1,1,3,60
7246,1,1,3,47
7247,1,1,3,57
7248,1,1,3,64
7249,1,1,3,59
7250,1,1,2,1
7251,1,1,2,3
7252,1,1,3,63
7253,1,1,2,12
7254,1,0,2,0
7255,1,0,2,4
7256,1,0,2,15
7257,1,0,2,6
7258,1,0,2,19
7259,1,0,2,24
7260,1,0,2,14
7261,1,0,2,29
7262,1,0,2,16
7263,1,0,2,23
7264,1,0,2,33
7265,1,0,2,28
7266,1,0,2,37
7267,1,0,2,39
7268,1,0,2,48
7269,6,3,3,26
7270,1,0,2,53
7271,1,0,0,0
7272,6,3,3,24
7273,1,0,0,17
7274,6,3,3,21
7275,6,3,3,19
7276,1,0,0,42
7277,6,3,3,2
7278,1,0,0,39
7279,1,0,0,53
7280,6,3,2,63
7281,1,0,0,50
7282,6,3,2,61
7283,6,2,3,60
7284,1,0,0,62
7285,6,2,3,58
7286,6,2,3,55
7287,6,2,3,42
7288,6,2,3,44
7289,6,2,3,30
7290,6,2,3,32
7291,6,2,3,62
7292,6,2,3,64
7293,6,2,2,4
7294,6,2,2,6
7295,6,2,2,19
7296,6,2,2,17
7297,6,2,3,27
7298,6,2,2,30
7299,6,2,3,37
7300,6,2,3,39
7301,6,3,3,50
7302,6,2,3,48
7303,6,3,3,35
7304,6,3,3,37
7305,6,3,3,25
7306,6,3,3,27
7307,6,3,3,18
7308,6,3,3,16
7309,6,3,3,9
7310,6,3,3,7
7311,6,3,3,5
7312,6,3,3,1
7313,6,3,3,3
7314,3,1,0,47
7315,3,1,0,44
7316,3,1,0,42
7317,3,1,0,40
7318,3,1,0,38
7319,3,1,0,36
7320,3,1,1,38
7321,3,1,1,53
7322,3,1,0,0
7323,3,1,0,15
7324,3,1,0,30
7325,3,1,0,43
7326,3,1,0,59
7327,3,1,0,18
7328,3,1,0,16
7329,6,2,1,15
7330,6,0,1,62
7331,6,0,0,0
7332,6,0,0,10
7333,6,1,1,29
7334,6,1,1,33
7335,6,1,1,17
7336,6,1,1,34
7337,6,1,1,52
7338,6,1,1,49
7339,6,1,1,67
7340,6,1,0,6
7341,6,1,0,24
7342,6,1,0,43
7343,6,1,0,48
7344,8,2,0,42
7345,8,2,0,20
7346,8,2,0,6
7347,8,2,1,66
7348,8,2,1,46
7349,8,2,1,51
7350,8,2,1,31
7351,8,2,1,14
7352,8,1,0,44
7353,8,1,0,19
7354,8,1,1,64
7355,8,1,1,25
7356,8,1,1,16
7357,8,1,1,12
7358,4,0,0,53
7359,4,0,0,32
7360,4,0,0,67
7361,4,0,0,48
7362,4,0,0,50
7363,4,0,0,52
7364,4,0,0,54
7365,4,0,0,57
7366,4,0,0,59
7367,4,0,0,61
7368,4,0,0,63
7369,4,0,0,65
7370,4,0,0,15
7371,4,0,0,24
7372,4,0,0,26
7373,4,0,0,28
7374,8,0,3,15
7375,8,0,3,21
7376,8,0,3,24
7377,8,0,3,30
7378,8,0,3,32
7379,8,0,3,44
7380,8,0,3,40
7381,8,0,3,58
7382,8,0,3,53
7383,8,0,3,66
7384,8,0,2,2
7385,8,0,2,10
7386,8,0,2,13
7387,8,0,2,24
7388,8,0,2,21
7389,8,0,2,34
7390,8,0,2,44
7391,8,0,3,27
7392,8,0,2,51
7393,8,0,3,31
7394,8,0,2,53
7395,8,0,2,55
7396,8,0,3,33
7397,8,0,2,58
7398,8,0,3,35
7399,8,0,3,37
7400,8,0,2,60
7401,8,0,3,57
7402,8,0,2,5
7403,8,0,2,7
7404,8,0,3,61
7405,8,0,2,9
7406,8,0,3,63
7407,8,0,3,65
7408,8,0,2,12
7409,8,0,3,67
7410,8,0,2,14
7411,1,3,1,6
7412,8,0,2,1
7413,1,3,1,2
7414,1,3,2,58
7415,1,3,2,55
7416,1,3,2,66
7417,1,3,2,51
7418,1,3,2,59
7419,1,3,2,54
7420,1,3,2,41
7421,1,3,2,50
7422,1,3,2,39
7423,1,3,2,35
7424,1,3,2,46
7425,1,3,2,31
7426,1,2,2,42
7427,1,2,2,38
7428,1,2,2,30
7429,1,2,2,29
7430,1,2,2,21
7431,1,2,2,12
7432,1,2,2,27
7433,1,2,2,9
7434,1,2,2,23
7435,1,2,1,27
7436,1,2,2,7
7437,1,2,1,50
7438,1,2,2,3
7439,1,2,1,59
7440,1,2,1,61
7441,1,2,1,67
7442,1,2,0,7
7443,3,3,1,37
7444,3,3,1,35
7445,3,3,1,27
7446,3,3,1,25
7447,3,3,1,12
7448,3,3,1,16
7449,3,3,0,41
7450,3,3,0,39
7451,3,3,0,50
7452,3,3,0,52
7453,3,3,1,8
7454,3,3,1,6
7455,3,3,2,38
7456,3,3,2,40
7457,3,3,2,26
7458,3,3,2,24
7459,3,3,2,6
7460,3,3,2,8
7461,3,3,3,51
7462,3,3,3,53
7463,3,3,2,57
7464,3,3,2,54
7465,3,3,3,63
7466,3,3,3,61
7467,3,3,3,20
7468,3,2,3,21
7469,3,2,3,62
7470,3,2,3,64
7471,3,2,2,58
7472,3,2,2,55
7473,3,2,3,52
7474,3,2,3,50
7475,3,2,2,5
7476,3,2,2,7
7477,3,2,2,23
7478,3,2,2,25
7479,3,2,2,37
7480,3,2,2,39
7481,3,2,1,5
7482,3,2,1,7
7483,3,2,0,51
7484,3,2,0,53
7485,3,2,0,40
7486,3,2,0,42
7487,3,2,1,13
7488,3,2,1,17
7489,3,2,1,26
7490,3,2,1,28
7491,3,2,1,38
7492,3,2,1,36
7493,1,1,0,8
7494,1,1,0,0
7495,1,1,1,60
7496,1,1,1,62
7497,1,1,2,4
7498,1,1,1,51
7499,1,1,1,28
7500,1,1,2,8
7501,1,1,2,24
7502,1,1,2,10
7503,1,1,2,13
7504,1,1,2,28
7505,1,1,2,20
7506,1,1,2,30
7507,1,1,2,37
7508,1,1,2,29
7509,1,1,2,41
7510,1,0,2,32
7511,1,0,2,36
7512,1,0,2,47
7513,1,0,2,40
7514,1,0,2,51
7515,1,0,2,55
7516,1,0,2,42
7517,1,0,2,60
7518,1,0,2,50
7519,1,0,2,54
7520,1,0,2,65
7521,1,0,2,57
7522,1,0,1,1
7523,1,0,1,5
7524,6,3,2,2
7525,6,3,2,15
7526,6,3,2,0
7527,6,3,3,66
7528,6,3,2,13
7529,6,3,3,64
7530,6,3,2,10
7531,6,3,2,8
7532,6,3,3,62
7533,6,3,2,6
7534,6,3,3,58
7535,6,3,3,38
7536,6,3,2,59
7537,6,3,3,36
7538,6,3,2,57
7539,6,3,2,54
7540,6,3,3,34
7541,6,3,2,52
7542,6,3,3,32
7543,6,3,3,28
7544,6,3,2,50
7545,6,3,2,43
7546,6,3,2,33
7547,6,3,2,23
7548,6,3,2,20
7549,6,3,2,12
7550,6,3,2,9
7551,6,3,3,65
7552,6,3,2,1
7553,6,3,3,52
7554,6,3,3,57
7555,6,3,3,43
7556,6,3,3,39
7557,6,3,3,31
7558,6,3,3,29
7559,6,3,3,20
7560,6,3,3,23
7561,6,3,3,14
7562,3,1,0,27
7563,3,1,0,25
7564,3,1,0,23
7565,3,1,0,14
7566,3,1,0,66
7567,3,1,0,64
7568,3,1,0,62
7569,3,1,0,60
7570,3,1,0,58
7571,3,1,0,55
7572,3,1,0,53
7573,3,1,0,51
7574,3,1,0,49
7575,3,1,0,67
7576,3,1,0,31
7577,3,1,0,52
7578,6,2,1,13
7579,6,2,1,17
7580,6,2,1,26
7581,6,2,1,63
7582,6,2,0,18
7583,6,2,0,43
7584,6,1,1,15
7585,6,1,1,32
7586,6,1,1,50
7587,6,1,1,47
7588,6,1,1,65
7589,6,1,0,5
7590,6,1,0,21
7591,6,1,0,41
7592,8,2,0,40
7593,8,1,0,63
7594,8,1,0,52
7595,8,1,0,35
7596,8,1,0,25
7597,8,1,0,3
7598,8,1,1,57
7599,8,1,1,35
7600,8,1,0,47
7601,8,1,0,21
7602,8,1,1,66
7603,8,1,1,27
7604,8,1,1,18
7605,8,1,1,9
7606,8,1,1,3
7607,8,1,2,63
7608,8,1,2,54
7609,4,0,0,30
7610,4,0,0,34
7611,4,0,0,36
7612,4,0,0,38
7613,4,0,0,40
7614,4,0,0,42
7615,4,0,0,47
7616,4,0,0,49
7617,4,0,0,51
7618,4,0,0,66
7619,4,0,0,64
7620,4,0,0,62
7621,4,0,0,58
7622,4,0,0,55
7623,8,0,3,34
7624,8,0,3,47
7625,8,0,3,49
7626,8,0,3,60
7627,8,0,3,62
7628,8,0,2,6
7629,8,0,2,4
7630,8,0,2,17
7631,8,0,2,15
7632,8,0,2,26
7633,8,0,2,28
7634,8,0,2,36
7635,8,0,2,38
7636,8,0,2,49
7637,8,0,2,47
7638,8,0,2,54
7639,8,0,2,37
7640,8,0,2,39
7641,8,0,2,57
7642,8,0,2,41
7643,8,0,2,61
7644,8,0,2,63
7645,8,0,2,43
7646,8,0,2,65
7647,8,0,2,48
7648,8,0,2,50
7649,8,0,2,67
7650,8,0,2,52
7651,1,3,1,10
7652,1,3,1,59
7653,1,3,1,52
7654,1,3,1,46
7655,1,3,1,43
7656,1,3,1,8
7657,1,3,1,41
7658,1,3,1,4
7659,1,3,1,37
7660,1,3,1,35
7661,1,3,1,7
7662,1,3,1,9
7663,1,3,1,3
7664,1,3,2,67
7665,1,2,1,8
7666,1,3,2,65
7667,1,2,1,6
7668,1,2,2,61
7669,1,2,2,58
7670,1,2,2,59
7671,1,2,2,53
7672,1,2,2,46
7673,1,2,3,53
7674,1,2,2,43
7675,1,2,2,54
7676,1,2,2,57
7677,1,2,2,41
7678,1,2,1,31
7679,1,2,1,33
7680,1,2,1,25
7681,1,2,1,20
7682,1,2,1,48
7683,1,2,1,46
7684,1,2,1,65
7685,1,2,1,63
7686,1,2,0,23
7687,1,2,0,9
7688,3,3,1,43
7689,3,3,1,46
7690,3,3,1,29
7691,3,3,1,31
7692,3,3,1,20
7693,3,3,1,18
7694,3,3,0,35
7695,3,3,0,37
7696,3,3,0,48
7697,3,3,0,46
7698,3,3,0,61
7699,3,3,0,59
7700,3,3,1,2
7701,3,3,1,0
7702,3,3,2,13
7703,3,3,2,21
7704,3,3,3,66
7705,3,3,3,64
7706,3,3,3,49
7707,3,3,3,47
7708,3,3,2,50
7709,3,3,2,52
7710,3,3,3,50
7711,3,3,3,52
7712,3,2,3,24
7713,3,3,3,23
7714,3,2,3,53
7715,3,2,3,51
7716,3,2,2,51
7717,3,2,2,53
7718,3,2,3,46
7719,3,2,3,48
7720,3,2,3,65
7721,3,2,3,63
7722,3,2,2,20
7723,3,2,2,12
7724,3,2,1,1
7725,3,2,2,67
7726,3,2,0,60
7727,3,2,0,62
7728,3,2,0,49
7729,3,2,0,47
7730,3,2,0,38
7731,3,2,0,36
7732,3,2,1,21
7733,3,2,1,19
7734,3,2,1,32
7735,3,2,1,30
7736,3,2,1,44
7737,3,2,1,47
7738,1,1,0,10
7739,1,1,0,24
7740,1,1,1,66
7741,1,1,1,64
7742,1,1,1,47
7743,1,1,1,49
7744,1,1,1,26
7745,1,1,1,21
7746,1,1,1,34
7747,1,1,1,32
7748,1,1,2,58
7749,1,1,2,42
7750,1,1,2,55
7751,1,1,2,44
7752,1,1,2,47
7753,1,1,3,52
7754,1,1,2,52
7755,1,1,2,60
7756,1,1,2,62
7757,1,1,2,57
7758,1,1,1,5
7759,1,0,2,66
7760,1,0,1,0
7761,1,1,1,7
7762,1,0,1,4
7763,1,0,1,9
7764,1,0,1,36
7765,1,0,1,8
7766,1,0,1,38
7767,1,0,1,3
7768,1,0,1,7
7769,1,0,1,42
7770,1,0,1,44
7771,1,0,1,47
7772,1,0,1,60
7773,1,0,1,53
7774,1,0,1,10
7775,6,3,2,53
7776,6,3,2,51
7777,6,3,1,0
7778,6,3,2,49
7779,6,3,2,66
7780,6,3,2,64
7781,6,3,2,44
7782,6,3,2,62
7783,6,3,2,42
7784,6,3,2,40
7785,6,3,2,58
7786,6,3,2,38
7787,6,3,2,55
7788,6,3,2,48
7789,6,3,2,46
7790,6,3,2,37
7791,6,3,2,35
7792,6,3,2,25
7793,6,3,2,27
7794,6,3,2,14
7795,6,3,2,16
7796,6,3,2,5
7797,6,3,2,3
7798,6,3,3,61
7799,6,3,3,59
7800,6,3,3,46
7801,6,3,3,48
7802,6,3,3,33
7803,3,1,0,54
7804,3,1,0,57
7805,3,1,0,61
7806,3,1,0,63
7807,3,1,0,65
7808,3,1,0,50
7809,3,1,0,48
7810,3,1,0,46
7811,3,1,0,41
7812,3,1,0,39
7813,3,1,0,37
7814,3,1,0,35
7815,3,1,0,33
7816,3,1,0,29
7817,6,2,2,55
7818,6,2,2,64
7819,6,2,1,4
7820,6,2,1,9
7821,6,2,1,19
7822,6,2,1,28
7823,6,2,1,65
7824,6,2,0,20
7825,6,2,0,46
7826,6,2,1,36
7827,6,2,1,58
7828,6,2,0,4
7829,6,2,0,26
7830,6,2,0,36
7831,6,2,0,53
7832,6,2,0,64
7833,6,1,0,39
7834,8,1,0,65
7835,8,1,0,54
7836,8,1,0,37
7837,8,1,0,27
7838,8,1,0,7
7839,8,1,1,59
7840,8,1,1,37
7841,8,1,0,49
7842,8,1,0,26
7843,8,1,0,2
7844,8,1,1,29
7845,8,1,1,20
7846,8,1,1,7
7847,8,1,1,1
7848,8,1,2,61
7849,8,1,2,50
7850,8,1,2,39
7851,8,1,1,6
7852,8,1,2,66
7853,8,1,2,64
7854,8,1,2,62
7855,8,1,2,42
7856,8,1,2,40
7857,8,1,2,38
7858,8,1,2,34
7859,8,1,2,32
7860,8,1,2,30
7861,8,1,2,28
7862,8,1,2,26
7863,8,1,2,24
7864,8,1,2,21
7865,8,0,3,64
7866,8,0,2,8
7867,1,3,1,44
7868,8,0,2,19
7869,1,3,1,40
7870,1,3,1,36
7871,8,0,2,32
7872,1,3,1,34
7873,8,0,2,42
7874,8,0,1,1
7875,1,3,1,30
7876,8,0,1,3
7877,1,3,1,26
7878,1,3,1,24
7879,8,0,1,5
7880,1,3,1,19
7881,8,0,1,7
7882,8,0,1,9
7883,1,3,1,42
7884,1,3,1,15
7885,1,3,1,38
7886,1,3,1,32
7887,1,3,1,21
7888,1,3,1,28
7889,1,3,1,17
7890,1,3,1,13
7891,1,3,1,23
7892,1,3,1,31
7893,1,3,1,18
7894,1,3,1,14
7895,1,3,1,16
7896,1,3,1,12
7897,1,3,1,20
7898,1,3,1,25
7899,1,2,1,10
7900,1,2,1,2
7901,1,2,1,13
7902,1,2,1,30
7903,1,2,1,0
7904,1,2,1,40
7905,1,2,2,66
7906,1,2,1,4
7907,1,2,1,42
7908,1,2,1,7
7909,1,2,1,44
7910,1,2,1,47
7911,1,2,1,3
7912,1,2,0,8
7913,1,2,1,5
7914,1,2,1,37
7915,1,2,0,6
7916,1,2,1,29
7917,7,3,1,17
7918,7,3,0,34
7919,1,2,1,14
7920,1,2,3,48
7921,1,2,1,43
7922,7,2,2,32
7923,7,2,2,21
7924,7,2,2,30
7925,7,2,2,19
7926,7,2,2,17
7927,7,2,2,28
7928,7,2,2,15
7929,7,2,2,26
7930,3,3,1,67
7931,3,3,1,65
7932,3,3,1,63
7933,3,3,1,61
7934,3,3,1,50
7935,3,3,1,52
7936,3,3,0,9
7937,7,2,2,8
7938,3,3,0,18
7939,3,3,0,20
7940,3,3,2,53
7941,3,3,2,55
7942,3,3,2,51
7943,3,3,2,49
7944,7,2,2,10
7945,7,2,2,13
7946,3,3,1,5
7947,3,3,1,3
7948,3,3,3,48
7949,3,3,2,65
7950,3,3,2,67
7951,3,2,1,0
7952,3,2,2,66
7953,3,2,3,49
7954,3,2,1,6
7955,3,2,1,4
7956,7,1,2,12
7957,7,1,2,9
7958,3,2,2,50
7959,3,2,2,48
7960,3,2,2,54
7961,3,2,2,52
7962,3,2,0,19
7963,3,2,0,21
7964,7,1,2,7
7965,3,2,0,10
7966,3,2,1,51
7967,3,2,1,53
7968,3,2,1,62
7969,3,2,1,64
7970,3,2,0,0
7971,3,2,1,66
7972,7,1,2,25
7973,7,1,2,14
7974,7,1,2,16
7975,7,1,2,27
7976,7,1,2,18
7977,7,1,2,29
7978,7,1,2,31
7979,7,1,2,20
7980,1,1,1,44
7981,1,1,3,49
7982,7,0,0,33
7983,1,1,1,15
7984,7,0,1,16
7985,1,1,1,30
7986,1,1,1,38
7987,1,1,0,5
7988,1,1,1,6
7989,1,1,0,7
7990,1,1,1,46
7991,1,1,1,4
7992,1,1,1,43
7993,1,1,1,8
7994,1,1,1,3
7995,1,1,1,41
7996,1,1,2,65
7997,1,1,1,39
7998,1,1,1,29
7999,1,1,2,67
8000,1,1,1,12
8001,1,1,1,1
8002,1,0,1,26
8003,1,1,1,10
8004,1,0,1,21
8005,1,0,1,13
8006,1,0,1,15
8007,1,0,1,17
8008,1,0,1,19
8009,1,0,1,32
8010,1,0,1,12
8011,1,0,1,24
8012,1,0,1,16
8013,1,0,1,27
8014,1,0,1,31
8015,1,0,1,20
8016,1,0,1,37
8017,1,0,1,14
8018,6,3,1,9
8019,1,0,1,41
8020,6,3,1,8
8021,1,0,1,18
8022,1,0,1,23
8023,6,3,1,6
8024,1,0,1,25
8025,6,3,1,4
8026,6,3,1,2
8027,1,0,1,29
8028,6,3,2,41
8029,1,0,1,33
8030,1,0,1,35
8031,6,3,2,31
8032,1,0,1,39
8033,6,3,2,18
8034,6,3,2,7
8035,1,0,1,43
8036,6,3,3,63
8037,6,2,2,20
8038,6,2,2,23
8039,6,2,2,25
8040,6,2,2,27
8041,6,2,2,29
8042,6,2,2,31
8043,6,2,2,33
8044,6,2,2,37
8045,6,2,2,39
8046,6,2,2,41
8047,6,2,2,61
8048,6,2,2,63
8049,6,2,2,65
8050,6,2,1,5
8051,6,2,2,40
8052,6,2,2,51
8053,6,2,2,62
8054,6,2,1,2
8055,6,2,1,8
8056,6,2,1,21
8057,6,2,1,30
8058,6,2,0,1
8059,6,2,0,25
8060,6,2,0,48
8061,6,2,1,38
8062,6,2,1,60
8063,6,2,0,8
8064,6,2,0,28
8065,6,2,0,38
8066,6,2,0,55
8067,6,2,0,66
8068,8,1,0,61
8069,8,1,0,39
8070,8,1,0,29
8071,8,1,0,9
8072,8,1,1,61
8073,8,1,1,39
8074,8,1,0,51
8075,8,1,0,28
8076,8,1,0,4
8077,8,1,1,33
8078,8,1,1,23
8079,8,1,1,5
8080,8,1,2,67
8081,8,1,2,59
8082,8,1,2,48
8083,8,1,2,37
8084,8,1,1,4
8085,8,1,2,60
8086,8,1,2,58
8087,8,1,2,55
8088,8,1,3,6
8089,8,1,3,4
8090,8,1,3,2
8091,8,1,3,0
8092,8,1,3,10
8093,8,1,3,13
8094,8,1,3,15
8095,8,1,3,17
8096,8,1,3,19
8097,8,1,3,24
8098,8,1,3,26
8099,1,3,0,0
8100,1,3,1,66
8101,1,3,0,15
8102,1,3,1,62
8103,1,3,0,10
8104,1,3,0,8
8105,1,3,1,60
8106,1,3,0,4
8107,1,3,1,55
8108,1,3,1,51
8109,1,3,0,6
8110,1,3,1,58
8111,1,3,0,2
8112,1,3,1,64
8113,1,3,1,53
8114,1,3,1,57
8115,1,3,1,49
8116,1,3,1,47
8117,1,3,1,54
8118,1,3,1,39
8119,1,3,1,50
8120,1,3,1,48
8121,1,3,1,33
8122,1,2,1,38
8123,1,3,1,29
8124,1,3,1,27
8125,1,2,1,36
8126,1,2,1,21
8127,1,2,1,34
8128,1,2,1,32
8129,1,2,1,17
8130,1,2,1,23
8131,1,2,1,15
8132,1,2,1,12
8133,1,2,1,18
8134,1,2,1,62
8135,1,2,1,16
8136,1,2,0,26
8137,1,2,1,60
8138,1,2,0,24
8139,1,2,1,58
8140,1,2,1,49
8141,1,2,0,15
8142,1,2,1,64
8143,1,2,0,13
8144,1,2,0,10
8145,1,2,1,66
8146,1,2,0,25
8147,1,2,0,12
8148,1,2,0,14
8149,1,2,0,27
8150,1,2,0,16
8151,1,2,0,29
8152,3,3,1,28
8153,3,3,1,30
8154,3,3,1,17
8155,3,3,1,19
8156,3,3,1,38
8157,3,3,1,40
8158,3,3,1,51
8159,3,3,1,53
8160,3,3,1,60
8161,3,3,1,58
8162,3,3,1,57
8163,3,3,1,59
8164,3,3,1,48
8165,3,3,0,3
8166,3,3,0,12
8167,3,3,0,14
8168,3,3,0,25
8169,3,3,0,23
8170,3,3,3,4
8171,3,3,2,58
8172,3,3,2,60
8173,3,3,3,2
8174,3,3,2,62
8175,3,3,3,0
8176,3,3,3,5
8177,3,3,1,1
8178,3,3,3,1
8179,3,3,2,61
8180,3,2,3,4
8181,3,3,3,3
8182,3,2,2,62
8183,3,2,3,2
8184,3,2,3,6
8185,3,2,1,2
8186,3,2,3,0
8187,3,2,2,61
8188,3,2,2,59
8189,3,2,3,1
8190,3,2,2,57
8191,3,2,3,3
8192,3,2,0,26
8193,3,2,0,24
8194,3,2,0,15
8195,3,2,0,13
8196,3,2,1,49
8197,3,2,0,4
8198,3,2,1,60
8199,3,2,1,58
8200,3,2,1,59
8201,3,2,1,57
8202,3,2,1,52
8203,3,2,1,50
8204,3,2,1,37
8205,3,2,1,39
8206,3,2,1,18
8207,3,2,1,16
8208,3,2,1,27
8209,3,2,1,29
8210,1,1,0,30
8211,1,1,0,17
8212,1,1,0,15
8213,1,1,0,28
8214,1,1,0,13
8215,1,1,0,26
8216,1,1,0,9
8217,1,1,1,65
8218,1,1,0,12
8219,1,1,1,63
8220,1,1,1,48
8221,1,1,0,14
8222,1,1,1,57
8223,1,1,0,23
8224,1,1,0,25
8225,1,1,1,59
8226,1,1,1,17
8227,1,1,1,61
8228,1,1,1,13
8229,1,1,1,19
8230,1,1,1,14
8231,1,1,1,24
8232,1,1,1,31
8233,1,1,1,16
8234,1,1,1,33
8235,1,1,1,20
8236,1,0,1,28
8237,1,1,1,35
8238,1,0,1,30
8239,1,1,1,37
8240,1,0,1,49
8241,1,0,1,34
8242,1,0,1,51
8243,1,0,1,40
8244,1,0,1,46
8245,1,0,1,55
8246,1,0,1,48
8247,1,0,1,58
8248,1,0,1,63
8249,1,0,1,52
8250,1,0,0,1
8251,1,0,1,57
8252,1,0,1,50
8253,1,0,0,5
8254,1,0,1,54
8255,1,0,0,3
8256,1,0,0,7
8257,1,0,1,59
8258,1,0,0,9
8259,1,0,1,61
8260,1,0,1,65
8261,1,0,0,14
8262,1,0,1,67
8263,6,2,3,25
8264,6,2,3,23
8265,6,2,3,18
8266,6,2,3,16
8267,6,2,3,14
8268,6,2,3,12
8269,6,2,3,9
8270,6,2,3,0
8271,6,2,3,1
8272,6,2,3,3
8273,6,2,3,5
8274,6,2,2,54
8275,6,2,2,57
8276,6,2,2,59
8277,6,2,1,3
8278,6,2,2,38
8279,6,2,2,49
8280,6,2,2,60
8281,6,2,1,0
8282,6,2,1,6
8283,6,2,1,24
8284,6,2,1,34
8285,6,2,0,3
8286,6,2,0,27
8287,6,2,0,50
8288,6,2,1,40
8289,6,2,1,62
8290,6,2,0,10
8291,6,2,0,30
8292,6,2,0,40
8293,6,2,0,62
8294,8,1,0,67
8295,8,1,0,41
8296,8,1,0,31
8297,8,1,0,12
8298,8,1,1,63
8299,8,1,1,41
8300,8,1,0,53
8301,8,1,0,30
8302,8,1,0,6
8303,8,1,1,53
8304,8,1,1,42
8305,8,1,1,32
8306,8,1,1,21
8307,8,1,1,19
8308,8,1,2,46
8309,8,1,2,35
8310,8,1,1,2
8311,8,1,2,53
8312,8,1,2,51
8313,8,1,2,47
8314,8,1,3,32
8315,8,1,3,21
8316,8,1,3,8
8317,8,1,3,1
8318,8,1,3,3
8319,8,1,3,5
8320,8,1,3,7
8321,8,1,3,9
8322,8,1,3,12
8323,8,1,3,14
8324,8,1,3,16
8325,8,1,3,18
8326,1,3,0,26
8327,1,3,0,24
8328,1,3,0,38
8329,1,3,0,21
8330,1,3,0,34
8331,1,3,0,28
8332,1,3,0,17
8333,1,3,0,20
8334,1,3,0,13
8335,1,3,0,3
8336,1,3,0,18
8337,1,3,0,1
8338,1,3,0,14
8339,1,3,0,7
8340,1,3,1,65
8341,1,2,0,4
8342,1,3,1,63
8343,1,2,1,55
8344,1,2,0,2
8345,1,2,1,53
8346,1,2,0,0
8347,1,2,1,57
8348,1,2,1,51
8349,1,2,1,54
8350,1,2,1,41
8351,1,2,1,39
8352,1,2,1,52
8353,1,2,1,35
8354,1,2,0,52
8355,1,2,0,54
8356,1,2,0,28
8357,7,3,2,26
8358,1,2,0,30
8359,1,2,0,40
8360,7,3,3,62
8361,1,2,0,42
8362,7,3,3,49
8363,7,3,3,38
8364,1,2,0,44
8365,7,3,3,28
8366,1,2,0,47
8367,1,2,0,49
8368,7,3,3,15
8369,1,2,0,31
8370,7,3,3,63
8371,7,3,3,52
8372,1,2,0,33
8373,7,2,3,58
8374,1,2,0,41
8375,3,3,1,26
8376,7,2,3,47
8377,3,3,1,13
8378,7,2,3,26
8379,7,2,3,18
8380,3,3,1,44
8381,3,3,0,64
8382,3,3,1,55
8383,3,3,1,62
8384,3,3,0,51
8385,3,3,1,54
8386,3,3,0,40
8387,3,3,0,28
8388,3,3,0,5
8389,3,3,0,17
8390,3,3,0,16
8391,3,3,0,31
8392,3,3,0,6
8393,3,3,3,19
8394,3,3,3,28
8395,3,3,3,30
8396,3,3,3,15
8397,3,3,3,32
8398,3,3,3,17
8399,3,3,3,16
8400,3,3,3,27
8401,3,3,3,14
8402,3,3,3,29
8403,3,3,3,31
8404,3,2,3,32
8405,3,2,3,30
8406,3,2,3,15
8407,3,2,3,17
8408,3,2,3,28
8409,3,2,3,16
8410,3,2,3,31
8411,3,2,3,29
8412,3,2,3,14
8413,3,2,3,27
8414,3,2,3,18
8415,3,2,0,32
8416,3,2,0,5
8417,3,2,0,17
8418,3,2,0,16
8419,3,2,0,27
8420,3,2,0,6
8421,3,2,0,39
8422,3,2,1,55
8423,3,2,1,61
8424,3,2,0,50
8425,3,2,1,54
8426,3,2,0,63
8427,7,1,3,19
8428,3,2,1,43
8429,7,1,3,25
8430,3,2,1,12
8431,3,2,1,25
8432,7,1,3,46
8433,1,1,0,42
8434,7,1,3,57
8435,7,0,3,53
8436,1,1,0,34
8437,7,0,3,64
8438,1,1,0,32
8439,1,1,0,48
8440,7,0,3,14
8441,1,1,0,46
8442,7,0,3,27
8443,7,0,3,37
8444,1,1,0,43
8445,7,0,3,48
8446,1,1,0,41
8447,1,1,0,39
8448,7,0,3,61
8449,1,1,0,29
8450,7,0,2,25
8451,1,1,0,55
8452,1,1,0,27
8453,1,1,0,53
8454,1,1,1,36
8455,1,1,1,40
8456,1,1,1,53
8457,1,1,1,42
8458,1,1,1,55
8459,1,1,1,58
8460,1,1,1,50
8461,1,1,1,67
8462,1,1,1,52
8463,1,1,1,54
8464,1,1,0,1
8465,1,0,1,64
8466,1,1,0,3
8467,1,0,0,8
8468,1,0,1,66
8469,1,0,0,15
8470,1,0,0,2
8471,1,0,0,4
8472,1,0,0,19
8473,1,0,0,12
8474,1,0,0,21
8475,1,0,0,27
8476,1,0,0,16
8477,1,0,0,33
8478,1,0,0,20
8479,1,0,0,23
8480,1,0,0,37
8481,1,0,0,25
8482,6,2,3,19
8483,6,2,3,17
8484,6,2,3,15
8485,6,2,3,13
8486,6,2,3,10
8487,6,2,3,8
8488,6,2,3,6
8489,6,2,3,4
8490,6,2,3,2
8491,6,2,3,7
8492,6,2,3,20
8493,6,2,3,31
8494,6,2,2,46
8495,6,2,2,50
8496,6,2,2,52
8497,6,2,1,1
8498,6,2,2,36
8499,6,2,2,47
8500,6,2,1,18
8501,6,2,1,20
8502,6,2,1,31
8503,6,2,1,41
8504,6,2,1,52
8505,6,2,0,5
8506,6,2,0,29
8507,6,2,0,52
8508,6,2,1,42
8509,6,2,1,64
8510,6,2,0,13
8511,6,2,0,32
8512,6,2,0,42
8513,6,2,0,67
8514,8,1,0,50
8515,8,1,0,33
8516,8,1,0,14
8517,8,1,1,65
8518,8,1,1,46
8519,8,1,0,58
8520,8,1,0,32
8521,8,1,0,8
8522,8,1,1,55
8523,8,1,1,44
8524,8,1,1,34
8525,8,1,1,24
8526,8,1,1,17
8527,8,1,2,43
8528,8,1,2,33
8529,8,1,1,0
8530,8,1,2,44
8531,8,1,2,6
8532,8,1,3,64
8533,8,1,3,50
8534,8,1,3,37
8535,8,1,3,25
8536,8,0,3,13
8537,8,0,3,0
8538,8,0,3,3
8539,8,0,3,5
8540,8,0,3,7
8541,8,0,3,9
8542,8,0,3,12
8543,8,0,3,14
8544,1,3,0,62
8545,1,3,0,55
8546,1,3,0,47
8547,1,3,0,37
8548,1,3,0,50
8549,1,3,0,33
8550,1,3,0,43
8551,1,2,0,38
8552,1,3,0,29
8553,1,2,0,36
8554,1,3,0,27
8555,1,2,0,21
8556,1,2,0,34
8557,1,2,0,17
8558,1,2,0,32
8559,1,2,0,20
8560,1,2,0,19
8561,1,2,0,18
8562,1,2,0,5
8563,1,2,0,3
8564,1,2,0,46
8565,1,2,0,50
8566,1,2,0,65
8567,7,3,2,37
8568,1,2,0,61
8569,7,3,2,20
8570,7,3,2,23
8571,7,3,2,24
8572,7,3,2,19
8573,7,3,2,21
8574,7,3,2,17
8575,7,3,3,58
8576,7,3,3,60
8577,7,3,3,44
8578,7,3,3,47
8579,7,3,3,36
8580,7,3,3,34
8581,7,3,3,26
8582,7,3,3,24
8583,7,3,3,10
8584,7,3,3,13
8585,7,3,3,59
8586,7,3,3,61
8587,7,3,3,50
8588,7,3,3,48
8589,7,2,3,55
8590,7,2,3,53
8591,7,2,3,42
8592,7,2,3,44
8593,7,2,3,30
8594,7,2,3,28
8595,7,2,3,16
8596,7,2,3,14
8597,3,3,0,62
8598,3,3,0,60
8599,3,3,0,47
8600,3,3,0,49
8601,3,3,0,36
8602,3,3,0,38
8603,3,3,0,26
8604,3,3,0,24
8605,3,3,0,15
8606,3,3,0,13
8607,3,3,0,0
8608,3,3,0,4
8609,3,3,3,60
8610,3,3,3,40
8611,3,3,3,42
8612,3,3,3,58
8613,3,3,3,44
8614,3,3,3,55
8615,3,3,3,54
8616,3,3,3,43
8617,3,3,3,57
8618,3,3,3,41
8619,3,2,3,60
8620,3,3,3,59
8621,3,2,3,42
8622,3,2,3,58
8623,3,2,3,55
8624,3,2,3,44
8625,3,2,3,54
8626,3,2,3,43
8627,3,2,3,41
8628,3,2,3,57
8629,3,2,3,39
8630,3,2,3,59
8631,3,2,1,67
8632,3,2,0,3
8633,3,2,0,12
8634,3,2,0,14
8635,3,2,0,25
8636,3,2,0,23
8637,3,2,0,37
8638,3,2,0,35
8639,3,2,0,46
8640,3,2,0,48
8641,3,2,0,59
8642,3,2,0,61
8643,7,1,3,17
8644,7,1,3,15
8645,7,1,3,27
8646,7,1,3,29
8647,7,1,3,41
8648,7,1,3,43
8649,7,1,3,52
8650,7,1,3,54
8651,7,0,3,51
8652,7,0,3,49
8653,7,0,3,62
8654,7,0,3,60
8655,7,0,3,9
8656,7,0,3,12
8657,7,0,3,23
8658,7,0,3,25
8659,7,0,3,35
8660,7,0,3,33
8661,7,0,3,46
8662,7,0,3,43
8663,7,0,3,57
8664,7,0,3,59
8665,7,0,2,16
8666,7,0,2,20
8667,7,0,2,23
8668,7,0,2,18
8669,7,0,2,24
8670,7,0,2,21
8671,7,0,2,38
8672,1,1,0,62
8673,1,1,0,66
8674,1,1,0,51
8675,1,1,0,4
8676,1,1,0,47
8677,1,1,0,6
8678,1,1,0,19
8679,1,1,0,21
8680,1,1,0,18
8681,1,1,0,31
8682,1,1,0,16
8683,1,1,0,20
8684,1,1,0,33
8685,1,0,0,28
8686,1,1,0,35
8687,1,1,0,37
8688,1,0,0,30
8689,1,0,0,44
8690,1,0,0,34
8691,1,0,0,38
8692,1,0,0,51
8693,1,0,0,46
8694,1,0,0,54
8695,1,0,0,61
8696,6,3,3,15
8697,6,3,3,13
8698,6,3,3,10
8699,6,3,3,8
8700,6,3,3,6
8701,6,3,3,4
8702,6,3,3,0
8703,6,3,3,12
8704,6,2,3,26
8705,6,2,3,38
8706,6,2,3,51
8707,6,2,3,63
8708,6,2,2,5
8709,6,2,2,43
8710,6,2,2,67
8711,6,2,2,34
8712,6,2,2,44
8713,6,2,1,16
8714,6,2,1,23
8715,6,2,1,33
8716,6,2,1,43
8717,6,2,1,54
8718,6,2,0,7
8719,6,2,0,31
8720,6,2,0,57
8721,6,2,1,47
8722,6,2,1,66
8723,6,2,0,15
8724,6,2,0,34
8725,6,2,0,51
8726,8,1,0,46
8727,8,1,0,23
8728,8,1,1,67
8729,8,1,1,48
8730,8,1,0,60
8731,8,1,0,34
8732,8,1,0,10
8733,8,1,1,58
8734,8,1,1,47
8735,8,1,1,36
8736,8,1,1,26
8737,8,1,1,13
8738,8,1,2,41
8739,8,1,2,31
8740,8,1,2,49
8741,8,1,2,36
8742,8,1,2,23
8743,8,1,2,9
8744,8,0,2,0
8745,8,0,3,55
8746,8,0,3,42
8747,8,0,3,29
8748,8,0,3,16
8749,8,0,3,39
8750,8,0,3,41
8751,8,0,3,43
8752,8,0,3,46
8753,8,0,3,48
8754,8,0,3,50
8755,8,0,3,52
8756,8,0,3,54
8757,1,2,0,66
8758,1,2,0,55
8759,1,2,0,53
8760,1,2,0,64
8761,1,2,0,51
8762,1,2,0,59
8763,1,2,0,57
8764,1,2,0,39
8765,1,2,0,48
8766,1,2,0,37
8767,1,2,0,35
8768,7,3,1,3
8769,1,2,0,43
8770,7,3,1,1
8771,7,3,2,66
8772,7,3,1,0
8773,7,3,2,58
8774,7,3,2,60
8775,7,3,2,35
8776,7,3,2,29
8777,7,3,2,18
8778,7,3,2,16
8779,7,3,2,6
8780,7,3,2,15
8781,7,3,2,4
8782,7,3,2,10
8783,7,3,3,55
8784,7,3,3,53
8785,7,3,3,42
8786,7,3,3,40
8787,7,3,3,30
8788,7,3,3,32
8789,7,3,3,17
8790,7,3,3,21
8791,7,3,3,8
8792,7,3,3,6
8793,7,3,3,57
8794,7,3,3,54
8795,7,3,3,43
8796,7,3,3,46
8797,7,2,3,49
8798,7,2,3,51
8799,7,2,3,40
8800,7,2,3,38
8801,7,2,3,32
8802,7,2,3,36
8803,3,3,0,66
8804,7,2,3,12
8805,3,3,0,53
8806,3,3,0,55
8807,3,3,0,44
8808,3,3,0,42
8809,3,3,0,34
8810,3,3,0,32
8811,3,3,0,19
8812,3,3,0,21
8813,3,3,0,8
8814,3,3,0,10
8815,3,3,1,66
8816,3,3,1,64
8817,3,3,2,0
8818,3,3,2,19
8819,3,3,2,17
8820,3,3,2,2
8821,3,3,2,15
8822,3,3,2,4
8823,3,3,2,3
8824,3,3,2,18
8825,3,3,2,1
8826,3,3,2,14
8827,3,3,2,16
8828,3,2,2,17
8829,3,2,2,15
8830,3,2,2,2
8831,3,2,2,4
8832,3,2,2,19
8833,3,2,2,3
8834,3,2,2,14
8835,3,2,2,16
8836,3,2,2,1
8837,3,2,2,18
8838,3,2,3,67
8839,3,2,1,65
8840,3,2,1,63
8841,3,2,0,9
8842,3,2,0,7
8843,3,2,0,18
8844,3,2,0,20
8845,3,2,0,31
8846,3,2,0,33
8847,3,2,0,43
8848,3,2,0,41
8849,3,2,0,54
8850,3,2,0,52
8851,3,2,0,65
8852,7,1,3,13
8853,7,1,3,35
8854,7,1,3,31
8855,7,1,3,39
8856,7,1,3,37
8857,7,1,3,50
8858,7,1,3,48
8859,7,0,3,44
8860,7,0,3,47
8861,7,0,3,55
8862,7,0,3,58
8863,7,0,3,7
8864,7,0,3,5
8865,7,0,3,20
8866,7,0,3,16
8867,7,0,3,29
8868,7,0,3,31
8869,7,0,3,39
8870,7,0,3,41
8871,7,0,3,54
8872,7,0,3,52
8873,7,0,2,9
8874,7,0,2,3
8875,7,0,2,5
8876,7,0,2,14
8877,7,0,2,17
8878,7,0,2,19
8879,7,0,2,36
8880,7,0,2,30
8881,7,0,2,59
8882,7,0,2,57
8883,7,0,2,65
8884,7,0,2,67
8885,7,0,1,2
8886,1,1,0,44
8887,1,1,0,36
8888,7,0,1,4
8889,1,1,0,38
8890,1,1,0,49
8891,1,1,0,58
8892,1,1,0,40
8893,1,1,0,60
8894,1,1,0,50
8895,1,1,0,52
8896,1,1,0,63
8897,1,1,0,54
8898,1,1,0,65
8899,6,3,3,55
8900,6,3,3,53
8901,6,3,3,51
8902,6,3,3,49
8903,6,3,3,47
8904,6,3,3,44
8905,6,3,3,42
8906,6,3,3,40
8907,6,3,3,17
8908,6,3,3,30
8909,6,3,3,41
8910,6,3,3,54
8911,6,3,3,67
8912,6,2,2,10
8913,6,2,2,24
8914,6,2,2,35
8915,6,2,2,48
8916,6,2,2,32
8917,6,2,2,42
8918,6,2,1,12
8919,6,2,1,25
8920,6,2,1,35
8921,6,2,1,46
8922,6,2,1,57
8923,6,2,0,9
8924,6,2,0,33
8925,6,2,0,59
8926,6,2,1,49
8927,6,2,0,0
8928,6,2,0,24
8929,6,2,0,47
8930,8,1,0,43
8931,8,1,0,1
8932,8,1,1,50
8933,8,1,0,62
8934,8,1,0,36
8935,8,1,0,15
8936,8,1,1,60
8937,8,1,1,49
8938,8,1,1,38
8939,8,1,1,30
8940,8,1,1,10
8941,8,1,2,57
8942,8,1,1,8
8943,8,1,2,65
8944,8,1,2,52
8945,8,0,2,40
8946,8,0,2,30
8947,8,0,2,16
8948,8,0,2,3
8949,8,0,3,59
8950,8,0,2,18
8951,8,0,2,20
8952,8,0,2,23
8953,8,0,2,25
8954,8,0,2,27
8955,8,0,2,29
8956,8,0,2,31
8957,8,0,2,33
8958,8,0,2,35
8959,1,2,0,60
8960,1,2,0,62
8961,1,2,0,58
8962,1,2,0,67
8963,1,2,0,63
8964,7,3,1,9
8965,7,3,1,7
8966,7,3,1,5
8967,7,3,2,65
8968,7,3,2,67
8969,7,3,2,61
8970,7,3,2,63
8971,7,3,2,64
8972,7,3,2,62
8973,7,3,2,55
8974,7,3,2,53
8975,7,3,2,25
8976,7,3,2,27
8977,7,3,2,12
8978,7,3,2,14
8979,7,3,2,2
8980,7,3,3,66
8981,7,3,2,0
8982,7,3,3,64
8983,7,3,3,0
8984,7,3,3,4
8985,7,3,3,37
8986,7,3,3,2
8987,7,3,3,35
8988,7,3,3,25
8989,7,3,3,33
8990,7,3,3,7
8991,7,3,3,5
8992,7,3,3,31
8993,7,3,3,3
8994,7,3,3,29
8995,7,3,3,27
8996,7,3,3,1
8997,7,3,3,23
8998,7,3,3,9
8999,7,3,3,16
9000,7,3,3,20
9001,1,2,3,35
9002,7,3,3,18
9003,7,2,2,6
9004,7,2,2,4
9005,7,2,2,2
9006,7,2,2,0
9007,7,2,3,60
9008,7,2,3,62
9009,3,3,1,34
9010,3,3,1,32
9011,3,3,1,21
9012,3,3,1,24
9013,3,3,1,36
9014,3,3,1,10
9015,3,3,1,49
9016,3,3,1,47
9017,3,3,2,47
9018,3,3,2,28
9019,3,3,2,30
9020,3,3,2,42
9021,3,3,2,32
9022,3,3,2,44
9023,3,3,2,41
9024,3,3,2,31
9025,3,3,2,43
9026,3,3,2,29
9027,3,2,2,47
9028,3,3,2,46
9029,3,2,2,30
9030,3,2,2,44
9031,3,2,2,42
9032,3,2,2,32
9033,3,2,2,43
9034,3,2,2,31
9035,3,2,2,29
9036,3,2,2,41
9037,3,2,2,27
9038,3,2,2,46
9039,3,2,1,48
9040,3,2,1,46
9041,3,2,1,10
9042,3,2,1,35
9043,3,2,1,20
9044,3,2,1,23
9045,3,2,1,31
9046,3,2,1,33
9047,7,1,3,59
9048,7,1,3,61
9049,7,1,3,67
9050,7,1,2,1
9051,7,1,2,5
9052,7,1,2,3
9053,7,0,3,19
9054,1,1,3,36
9055,7,0,3,17
9056,7,0,3,21
9057,7,0,3,10
9058,7,0,3,24
9059,7,0,3,28
9060,7,0,3,2
9061,7,0,3,30
9062,7,0,3,4
9063,7,0,3,6
9064,7,0,3,32
9065,7,0,3,8
9066,7,0,3,34
9067,7,0,3,36
9068,7,0,3,26
9069,7,0,3,1
9070,7,0,3,38
9071,7,0,3,0
9072,7,0,3,3
9073,7,0,3,63
9074,7,0,3,67
9075,7,0,2,1
9076,7,0,3,65
9077,7,0,2,15
9078,7,0,2,13
9079,7,0,2,26
9080,7,0,2,28
9081,7,0,2,52
9082,7,0,2,54
9083,7,0,2,63
9084,7,0,2,61
9085,7,0,2,64
9086,7,0,2,62
9087,7,0,2,66
9088,7,0,1,0
9089,7,0,1,6
9090,7,0,1,8
9091,1,1,0,64
9092,7,0,1,9
9093,1,1,0,67
9094,1,1,0,57
9095,1,1,0,61
9096,1,1,0,59
9097,6,3,2,36
9098,6,3,2,34
9099,6,3,2,32
9100,6,3,2,30
9101,6,3,2,28
9102,6,3,2,26
9103,6,3,2,24
9104,6,3,2,21
9105,6,3,2,19
9106,6,3,3,60
9107,6,3,2,4
9108,6,3,2,17
9109,6,3,2,29
9110,6,3,2,39
9111,6,2,2,53
9112,6,2,2,66
9113,6,2,1,7
9114,6,2,2,58
9115,6,2,1,10
9116,6,2,1,29
9117,6,2,1,37
9118,6,2,1,48
9119,6,2,1,59
9120,6,2,0,14
9121,6,2,0,35
9122,6,2,0,61
9123,6,2,1,51
9124,6,2,0,2
9125,6,2,0,44
9126,8,1,0,20
9127,8,1,1,52
9128,8,1,0,64
9129,8,1,0,38
9130,8,1,0,17
9131,8,1,1,62
9132,8,1,1,51
9133,8,1,1,40
9134,8,1,1,28
9135,8,1,1,15
9136,8,0,0,10
9137,8,0,2,66
9138,8,0,1,8
9139,8,0,1,2
9140,8,0,2,59
9141,8,0,2,46
9142,8,0,1,0
9143,8,0,1,4
9144,8,0,1,6
9145,8,0,1,13
9146,8,0,1,15
9147,8,0,1,17
9148,8,0,1,21
9149,8,0,1,24
9150,8,0,1,26
9151,8,0,1,28
9152,8,0,1,30
9153,7,3,1,38
9154,7,3,2,57
9155,7,3,2,48
9156,7,3,2,49
9157,7,3,2,34
9158,7,3,2,9
9159,7,3,2,7
9160,7,3,2,3
9161,7,2,2,44
9162,7,2,2,42
9163,7,2,2,41
9164,1,2,0,1
9165,1,2,1,9
9166,7,2,3,20
9167,7,2,3,0
9168,7,2,3,4
9169,7,2,3,6
9170,3,3,2,66
9171,3,3,2,64
9172,3,3,2,63
9173,3,2,1,8
9174,3,2,2,64
9175,3,2,2,63
9176,3,2,2,65
9177,7,1,3,5
9178,7,1,3,3
9179,7,1,3,0
9180,7,1,3,21
9181,1,1,1,9
9182,1,1,0,2
9183,7,1,2,42
9184,7,1,2,41
9185,7,1,2,43
9186,7,0,2,4
9187,7,0,2,8
9188,7,0,2,10
9189,7,0,2,33
9190,7,0,2,48
9191,7,0,2,49
9192,7,0,2,58
9193,7,0,1,37
9194,6,3,1,29
9195,6,3,1,27
9196,6,3,1,25
9197,6,3,1,23
9198,6,3,1,20
9199,6,3,1,16
9200,6,3,1,14
9201,6,3,1,12
9202,6,3,1,5
9203,6,3,1,3
9204,6,3,2,67
9205,6,3,2,47
9206,6,3,2,60
9207,6,3,1,1
9208,6,3,1,7
9209,6,3,2,65
9210,6,3,0,9
9211,6,2,1,14
9212,6,2,1,27
9213,6,2,1,39
9214,6,2,1,50
9215,6,2,1,61
9216,6,2,0,16
9217,6,2,0,37
9218,6,2,0,63
9219,6,2,1,53
9220,6,2,0,21
9221,8,1,1,54
9222,8,1,0,66
9223,8,1,0,40
9224,8,1,0,24
9225,8,1,0,13
9226,8,1,0,0
9227,4,0,2,30
9228,8,1,1,43
9229,8,1,1,31
9230,8,0,1,19
9231,8,0,1,10
9232,8,0,1,32
9233,8,0,1,34
9234,8,0,1,36
9235,8,0,1,38
9236,8,0,1,40
9237,8,0,1,42
9238,8,0,1,44
9239,8,0,1,47
9240,8,0,1,51
9241,8,0,1,53
9242,8,0,1,55
9243,8,0,1,58
9244,8,0,1,60
9245,8,0,1,64
9246,7,3,1,53
9247,7,3,1,36
9248,7,3,2,54
9249,7,3,2,46
9250,7,3,2,47
9251,7,3,2,32
9252,7,3,2,5
9253,7,3,3,67
9254,7,3,3,65
9255,7,2,2,40
9256,7,2,2,48
9257,7,2,2,39
9258,7,2,2,37
9259,7,2,2,35
9260,7,2,2,33
9261,7,2,3,8
9262,7,2,3,10
9263,7,2,3,13
9264,7,2,3,15
9265,3,3,0,7
9266,3,3,1,9
9267,3,3,1,7
9268,3,2,1,9
9269,3,2,0,8
9270,7,1,3,14
9271,7,1,3,12
9272,7,1,3,9
9273,7,1,3,7
9274,7,1,2,34
9275,7,1,2,36
9276,7,1,2,38
9277,7,1,2,40
9278,7,1,2,49
9279,7,1,2,39
9280,7,0,3,66
9281,7,0,2,0
9282,7,0,2,6
9283,7,0,2,31
9284,7,0,2,46
9285,7,0,2,47
9286,7,0,2,55
9287,7,0,1,35
9288,7,0,1,52
9289,6,3,1,63
9290,6,3,1,59
9291,6,3,1,57
9292,6,3,1,54
9293,6,3,1,52
9294,6,3,1,50
9295,6,3,1,46
9296,6,3,1,43
9297,6,3,1,41
9298,6,3,1,39
9299,6,3,1,37
9300,6,3,1,35
9301,6,3,1,33
9302,6,3,1,31
9303,6,3,1,10
9304,6,3,1,18
9305,6,2,1,32
9306,6,2,1,44
9307,3,1,2,29
9308,6,2,1,67
9309,6,2,0,12
9310,6,2,0,23
9311,6,2,0,39
9312,6,2,0,65
9313,6,2,1,55
9314,8,1,0,18
9315,8,1,0,55
9316,8,1,0,42
9317,4,0,2,24
9318,8,1,0,16
9319,8,1,0,5
9320,8,0,1,62
9321,8,0,1,49
9322,8,0,1,35
9323,8,0,1,25
9324,8,0,1,14
9325,8,0,1,12
9326,8,0,1,16
9327,8,0,1,18
9328,8,0,1,20
9329,8,0,1,23
9330,8,0,1,27
9331,8,0,1,29
9332,8,0,1,31
9333,8,0,1,33
9334,8,0,1,37
9335,8,0,1,39
9336,4,0,2,17
9337,7,3,1,64
9338,7,3,1,51
9339,7,3,1,34
9340,7,3,2,52
9341,7,3,2,43
9342,7,3,2,44
9343,7,3,2,30
9344,7,2,2,47
9345,7,2,2,38
9346,7,2,2,36
9347,7,2,2,34
9348,7,2,2,50
9349,7,2,3,39
9350,7,2,3,67
9351,7,2,2,7
9352,7,2,2,31
9353,7,2,3,17
9354,7,2,3,19
9355,7,2,3,21
9356,7,2,3,24
9357,3,3,1,15
9358,3,3,1,14
9359,3,2,1,40
9360,3,2,1,15
9361,3,2,1,14
9362,7,1,3,23
9363,7,1,3,20
9364,7,1,3,18
9365,7,1,3,16
9366,7,1,2,32
9367,7,1,2,8
9368,7,1,2,0
9369,7,1,3,40
9370,7,1,2,51
9371,7,1,2,33
9372,7,1,2,35
9373,7,1,2,37
9374,7,1,2,46
9375,7,0,2,29
9376,7,0,2,43
9377,7,0,2,44
9378,7,0,2,53
9379,7,0,1,33
9380,7,0,1,50
9381,7,0,1,63
9382,3,1,2,16
9383,6,3,1,40
9384,6,3,1,38
9385,6,3,1,34
9386,6,3,1,32
9387,6,3,1,30
9388,6,3,1,28
9389,6,3,1,24
9390,6,3,1,21
9391,6,3,1,19
9392,6,3,1,17
9393,6,3,1,13
9394,6,3,1,15
9395,6,3,1,26
9396,6,3,1,36
9397,6,3,1,48
9398,6,3,1,61
9399,6,2,0,6
9400,6,2,0,17
9401,3,1,2,23
9402,6,2,0,41
9403,6,2,0,54
9404,6,2,0,19
9405,8,1,0,57
9406,8,1,0,59
9407,8,1,0,48
9408,8,0,0,36
9409,8,0,0,24
9410,8,0,0,9
9411,8,0,1,67
9412,8,0,0,1
9413,8,0,1,65
9414,8,0,1,63
9415,8,0,1,61
9416,8,0,1,59
9417,8,0,1,57
9418,8,0,1,54
9419,8,0,1,52
9420,8,0,1,50
9421,8,0,1,48
9422,8,0,1,46
9423,8,0,1,43
9424,8,0,1,41
9425,7,3,1,59
9426,7,3,0,10
9427,7,3,1,62
9428,7,3,1,49
9429,7,3,1,32
9430,7,3,1,19
9431,7,3,2,41
9432,7,3,2,42
9433,7,3,2,28
9434,7,3,3,19
9435,7,3,3,14
9436,7,3,3,12
9437,7,2,3,2
9438,7,2,3,1
9439,7,2,3,41
9440,7,2,3,65
9441,7,2,2,5
9442,7,2,2,29
9443,7,2,3,3
9444,7,2,3,5
9445,7,2,3,7
9446,7,2,3,9
9447,3,3,1,42
9448,3,3,1,41
9449,3,3,1,39
9450,3,2,1,42
9451,3,2,1,41
9452,7,1,3,10
9453,7,1,3,8
9454,7,1,3,6
9455,7,1,3,4
9456,7,1,2,30
9457,7,1,2,6
9458,7,1,3,66
9459,7,1,3,42
9460,7,1,3,2
9461,7,1,3,1
9462,7,0,3,13
9463,7,0,3,15
9464,7,0,3,18
9465,7,0,2,27
9466,7,0,2,41
9467,7,0,2,42
9468,7,0,1,18
9469,7,0,1,31
9470,7,0,1,48
9471,7,0,1,61
9472,7,0,0,9
9473,7,0,1,60
9474,6,3,1,42
9475,6,3,1,44
9476,6,3,1,47
9477,6,3,1,49
9478,6,3,1,51
9479,6,3,1,53
9480,6,3,1,55
9481,6,3,1,58
9482,6,3,1,60
9483,6,3,1,62
9484,6,3,1,64
9485,6,3,1,66
9486,6,3,0,2
9487,6,3,0,0
9488,6,3,0,10
9489,6,3,0,23
9490,6,3,0,35
9491,6,2,0,49
9492,6,2,0,60
9493,6,2,0,58
9494,8,0,0,66
9495,8,0,0,52
9496,8,0,0,39
9497,8,0,0,33
9498,8,0,0,31
9499,8,0,0,29
9500,8,0,0,27
9501,8,0,0,25
9502,8,0,0,23
9503,8,0,0,20
9504,8,0,0,18
9505,8,0,0,16
9506,8,0,0,14
9507,8,0,0,12
9508,8,0,0,7
9509,8,0,0,5
9510,8,0,0,3
9511,7,3,0,3
9512,7,3,1,57
9513,7,3,0,8
9514,7,3,1,60
9515,7,3,1,47
9516,7,3,1,30
9517,7,3,2,50
9518,7,3,2,39
9519,7,3,2,38
9520,7,3,3,51
9521,7,3,3,41
9522,7,3,3,39
9523,7,2,3,34
9524,7,2,3,27
9525,7,2,3,23
9526,7,2,3,43
9527,7,2,3,54
9528,7,2,2,3
9529,7,2,2,27
9530,7,2,3,29
9531,7,2,3,31
9532,7,2,3,33
9533,7,2,3,35
9534,3,3,0,2
9535,3,3,0,1
9536,3,2,0,28
9537,3,2,0,2
9538,3,2,0,1
9539,7,1,3,36
9540,7,1,3,34
9541,7,1,3,32
9542,7,1,3,30
9543,7,1,2,28
9544,7,1,2,4
9545,7,1,3,55
9546,7,1,3,44
9547,7,1,3,24
9548,7,1,3,28
9549,7,1,3,33
9550,7,0,3,40
9551,7,0,3,42
9552,7,0,3,50
9553,7,0,2,37
9554,7,0,2,40
9555,7,0,2,51
9556,7,0,1,29
9557,7,0,1,46
9558,7,0,1,59
9559,7,0,0,7
9560,7,0,1,58
9561,7,0,0,4
9562,6,3,0,4
9563,6,3,0,6
9564,6,3,0,8
9565,6,3,0,13
9566,6,3,0,15
9567,6,3,0,17
9568,6,3,0,19
9569,6,3,0,21
9570,6,3,0,24
9571,6,3,0,26
9572,6,3,0,28
9573,6,3,0,30
9574,6,3,0,32
9575,6,3,0,34
9576,6,3,0,40
9577,6,3,0,53
9578,6,3,0,65
9579,8,0,0,64
9580,8,0,0,8
9581,8,0,0,6
9582,8,0,0,4
9583,8,0,0,2
9584,8,0,1,66
9585,8,0,0,0
9586,8,0,0,13
9587,8,0,0,15
9588,8,0,0,17
9589,8,0,0,19
9590,8,0,0,21
9591,8,0,0,26
9592,8,0,0,28
9593,8,0,0,30
9594,7,3,0,16
9595,7,3,0,1
9596,7,3,1,54
9597,7,3,0,6
9598,7,3,1,58
9599,7,3,1,44
9600,7,3,1,28
9601,7,3,1,15
9602,7,3,1,8
9603,7,3,2,13
9604,7,3,2,8
9605,7,3,2,1
9606,7,2,3,66
9607,7,2,3,64
9608,7,2,3,52
9609,7,2,3,48
9610,7,2,3,46
9611,7,2,3,50
9612,7,2,2,1
9613,7,2,2,9
9614,7,2,3,57
9615,7,2,3,59
9616,7,2,3,61
9617,7,2,3,63
9618,3,3,0,30
9619,3,3,0,29
9620,3,3,0,27
9621,3,2,0,30
9622,3,2,0,29
9623,7,1,3,64
9624,7,1,3,62
9625,7,1,3,60
9626,7,1,3,58
9627,7,1,2,10
9628,7,1,2,2
9629,7,1,3,51
9630,7,1,3,47
9631,7,1,3,49
9632,7,1,3,53
9633,7,1,3,63
9634,7,1,3,65
9635,7,0,2,2
9636,7,0,2,7
9637,7,0,2,12
9638,7,0,1,7
9639,7,0,1,14
9640,7,0,1,27
9641,7,0,1,43
9642,7,0,1,57
9643,7,0,0,5
9644,7,0,1,55
9645,7,0,0,2
9646,7,0,0,17
9647,6,3,0,29
9648,6,3,0,27
9649,6,3,0,25
9650,6,3,0,20
9651,6,3,0,18
9652,6,3,0,16
9653,6,3,0,14
9654,6,3,0,12
9655,6,3,1,67
9656,6,3,1,65
9657,6,3,0,1
9658,6,3,0,3
9659,6,3,0,5
9660,6,3,0,7
9661,6,3,0,63
9662,8,0,0,62
9663,8,0,0,32
9664,8,0,0,57
9665,8,0,0,54
9666,8,0,0,50
9667,8,0,0,48
9668,8,0,0,46
9669,8,0,0,43
9670,8,0,0,41
9671,8,0,0,37
9672,8,0,0,35
9673,7,3,0,26
9674,7,3,0,19
9675,7,3,0,14
9676,7,3,1,67
9677,7,3,1,52
9678,7,3,0,4
9679,7,3,1,39
9680,7,3,1,42
9681,7,3,1,26
9682,7,3,1,13
9683,7,3,1,6
9684,7,3,2,40
9685,7,3,2,33
9686,7,3,2,31
9687,7,2,2,24
9688,7,2,2,16
9689,7,3,2,51
9690,7,2,2,14
9691,7,2,2,12
9692,3,3,2,27
9693,3,3,2,25
9694,3,3,2,23
9695,7,2,2,18
9696,7,2,2,20
9697,7,2,2,23
9698,7,2,2,25
9699,3,3,0,58
9700,3,3,0,57
9701,3,2,0,64
9702,3,2,0,58
9703,3,2,0,57
9704,7,1,2,26
9705,7,1,2,24
9706,7,1,2,21
9707,7,1,2,19
9708,3,2,2,24
9709,3,2,2,26
9710,3,2,2,28
9711,7,1,2,13
9712,7,1,2,15
9713,7,0,2,50
9714,7,1,2,17
9715,7,1,2,23
9716,7,0,2,32
9717,7,0,2,34
9718,7,0,2,39
9719,7,0,1,5
9720,7,0,1,12
9721,7,0,1,25
9722,7,0,1,41
9723,7,0,1,40
9724,7,0,0,3
9725,7,0,1,53
9726,7,0,0,0
9727,7,0,0,15
9728,7,0,0,18
9729,7,0,0,25
9730,6,3,0,36
9731,6,3,0,38
9732,6,3,0,42
9733,6,3,0,44
9734,6,3,0,47
9735,6,3,0,49
9736,6,3,0,51
9737,6,3,0,55
9738,6,3,0,58
9739,6,3,0,31
9740,6,3,0,61
9741,8,0,0,60
9742,8,0,0,51
9743,8,0,0,49
9744,8,0,0,47
9745,8,0,0,44
9746,8,0,0,42
9747,8,0,0,40
9748,8,0,0,38
9749,8,0,0,34
9750,7,3,0,29
9751,7,3,0,24
9752,7,3,0,15
9753,7,3,0,12
9754,7,3,1,65
9755,7,3,1,50
9756,7,3,0,2
9757,7,3,1,37
9758,7,3,1,40
9759,7,3,1,21
9760,7,3,1,10
9761,7,3,1,4
9762,7,3,1,2
9763,7,3,2,59
9764,7,2,2,53
9765,7,2,2,46
9766,7,2,2,43
9767,7,2,2,52
9768,7,2,2,54
9769,7,2,2,57
9770,7,2,2,59
9771,7,2,2,61
9772,7,2,2,63
9773,7,2,2,65
9774,7,2,2,67
9775,7,2,1,1
9776,7,2,1,3
9777,3,3,0,67
9778,3,3,0,65
9779,3,3,0,63
9780,3,2,0,66
9781,3,2,0,67
9782,7,1,1,4
9783,7,1,1,2
9784,7,1,1,0
9785,7,1,2,66
9786,7,1,2,64
9787,7,1,2,62
9788,7,1,2,60
9789,7,1,2,58
9790,7,1,2,55
9791,7,1,2,53
9792,7,1,2,44
9793,7,1,2,47
9794,7,1,2,52
9795,7,0,2,60
9796,7,0,1,1
9797,7,0,1,3
9798,7,0,1,10
9799,7,0,1,20
9800,7,0,1,39
9801,7,0,1,38
9802,7,0,0,1
9803,7,0,1,51
9804,7,0,1,66
9805,7,0,0,13
9806,7,0,0,14
9807,7,0,0,23
9808,7,0,0,30
9809,6,3,0,33
9810,6,3,0,37
9811,6,3,0,39
9812,6,3,0,41
9813,6,3,0,43
9814,6,3,0,46
9815,6,3,0,48
9816,6,3,0,50
9817,6,3,0,59
9818,8,0,0,58
9819,8,0,0,67
9820,8,0,0,65
9821,8,0,0,63
9822,8,0,0,61
9823,8,0,0,59
9824,7,3,0,30
9825,7,3,0,27
9826,7,3,0,23
9827,7,3,0,20
9828,7,3,0,9
9829,7,3,1,63
9830,7,3,1,48
9831,7,3,0,0
9832,7,3,1,35
9833,7,3,1,25
9834,7,3,1,23
9835,7,3,1,20
9836,7,3,1,18
9837,7,3,1,14
9838,7,2,1,8
9839,7,2,1,6
9840,7,2,1,5
9841,7,2,1,9
9842,7,2,1,7
9843,7,2,2,49
9844,7,2,2,51
9845,7,2,2,55
9846,7,2,2,58
9847,7,2,2,60
9848,7,2,2,62
9849,7,2,2,64
9850,7,2,2,66
9851,7,2,1,0
9852,7,2,1,2
9853,7,2,1,4
9854,7,1,1,24
9855,7,1,1,3
9856,7,1,1,1
9857,7,1,2,67
9858,7,1,2,65
9859,7,1,2,63
9860,7,1,2,61
9861,7,1,2,59
9862,7,1,2,57
9863,7,1,2,54
9864,7,1,2,50
9865,7,1,2,48
9866,7,1,1,8
9867,7,1,1,9
9868,7,1,1,6
9869,7,1,1,5
9870,7,1,1,7
9871,7,0,1,15
9872,7,0,1,19
9873,7,0,1,21
9874,7,0,1,24
9875,7,0,1,26
9876,7,0,1,36
9877,7,0,1,67
9878,7,0,1,49
9879,7,0,1,64
9880,7,0,0,10
9881,7,0,0,21
9882,7,0,0,24
9883,7,0,0,28
9884,7,0,0,29
9885,6,3,0,60
9886,6,3,0,62
9887,6,3,0,64
9888,6,3,0,66
9889,6,3,0,67
9890,6,3,0,57
9891,8,0,0,55
9892,8,0,0,53
9893,7,3,0,32
9894,7,3,0,28
9895,7,3,0,25
9896,7,3,0,21
9897,7,3,0,18
9898,7,3,0,7
9899,7,3,1,61
9900,7,3,1,41
9901,7,3,1,66
9902,7,3,1,33
9903,7,3,1,27
9904,7,3,1,29
9905,7,3,1,24
9906,7,3,1,16
9907,7,3,1,12
9908,7,2,1,10
9909,7,2,1,13
9910,7,2,1,15
9911,7,2,1,17
9912,7,2,1,19
9913,7,2,1,21
9914,7,2,1,24
9915,7,2,1,26
9916,7,2,1,28
9917,7,2,1,30
9918,7,2,1,32
9919,7,2,1,12
9920,7,2,1,14
9921,7,2,1,16
9922,7,2,1,18
9923,7,2,1,20
9924,7,2,1,23
9925,7,1,1,21
9926,7,1,1,19
9927,7,1,1,17
9928,7,1,1,15
9929,7,1,1,13
9930,7,1,1,31
9931,7,1,1,29
9932,7,1,1,27
9933,7,1,1,25
9934,7,1,1,23
9935,7,1,1,20
9936,7,1,1,18
9937,7,1,1,16
9938,7,1,1,14
9939,7,1,1,12
9940,7,1,1,10
9941,7,0,1,13
9942,7,0,1,17
9943,7,0,1,23
9944,7,0,1,30
9945,7,0,1,28
9946,7,0,1,34
9947,7,0,1,65
9948,7,0,1,42
9949,7,0,1,62
9950,7,0,0,8
9951,7,0,0,19
9952,7,0,0,20
9953,7,0,0,26
9954,7,0,0,27
9955,7,0,0,31
9956,6,3,0,52
9957,6,3,0,54
9958,7,3,0,41
9959,7,3,0,39
9960,7,3,0,42
9961,7,3,0,40
9962,7,3,0,35
9963,7,3,0,33
9964,7,3,0,31
9965,7,3,0,38
9966,7,3,0,36
9967,7,3,1,31
9968,7,3,0,17
9969,7,3,1,55
9970,7,3,1,46
9971,7,3,1,43
9972,7,2,1,38
9973,7,2,1,27
9974,7,2,1,25
9975,7,2,1,51
9976,7,2,1,49
9977,7,2,1,47
9978,7,2,1,44
9979,7,2,1,42
9980,7,2,1,40
9981,7,2,1,36
9982,7,2,1,34
9983,7,2,1,29
9984,7,2,1,31
9985,7,2,1,33
9986,7,2,1,35
9987,7,2,1,37
9988,7,2,1,39
9989,7,1,0,3
9990,7,1,1,40
9991,7,1,1,38
9992,7,1,1,36
9993,7,1,1,34
9994,7,1,1,32
9995,7,1,1,30
9996,7,1,1,33
9997,7,1,1,35
9998,7,1,1,39
9999,7,1,1,41
10000,7,1,1,43
10001,7,1,1,46
10002,7,1,1,48
10003,7,1,1,50
10004,7,1,1,26
10005,7,1,1,28
10006,7,1,1,37
10007,7,0,1,44
10008,7,0,1,47
10009,7,0,1,54
10010,7,0,0,16
10011,7,0,1,32
10012,7,0,0,35
10013,7,0,0,37
10014,7,0,0,32
10015,7,0,0,34
10016,7,0,0,36
10017,7,0,0,39
10018,7,0,0,41
10019,7,0,0,40
10020,7,0,0,42
10021,7,3,0,58
10022,7,3,0,55
10023,7,3,0,53
10024,7,3,0,51
10025,7,3,0,49
10026,7,3,0,50
10027,7,3,0,48
10028,7,3,0,46
10029,7,3,0,43
10030,7,3,0,13
10031,7,3,0,5
10032,7,2,1,62
10033,7,2,1,60
10034,7,2,1,57
10035,7,2,1,52
10036,7,2,1,50
10037,7,2,1,48
10038,7,2,1,58
10039,7,2,1,46
10040,7,2,1,55
10041,7,2,1,43
10042,7,2,1,53
10043,7,2,1,41
10044,7,2,1,54
10045,7,2,1,59
10046,7,2,1,64
10047,7,2,1,66
10048,7,2,0,0
10049,7,2,0,2
10050,7,2,0,4
10051,7,1,0,1
10052,7,1,1,67
10053,7,1,1,65
10054,7,1,1,63
10055,7,1,1,60
10056,7,1,1,55
10057,7,1,1,42
10058,7,1,1,52
10059,7,1,1,44
10060,7,1,1,54
10061,7,1,1,47
10062,7,1,1,57
10063,7,1,1,49
10064,7,1,1,51
10065,7,1,1,53
10066,7,1,1,58
10067,7,1,1,59
10068,7,1,1,61
10069,7,0,0,6
10070,7,0,0,12
10071,7,0,0,44
10072,7,0,0,47
10073,7,0,0,49
10074,7,0,0,51
10075,7,0,0,48
10076,7,0,0,50
10077,7,0,0,52
10078,7,0,0,54
10079,7,0,0,57
10080,7,3,0,66
10081,7,3,0,64
10082,7,3,0,62
10083,7,3,0,60
10084,7,3,0,47
10085,7,3,0,44
10086,7,3,0,37
10087,7,2,0,36
10088,7,2,0,28
10089,7,2,0,20
10090,7,2,0,34
10091,7,2,0,32
10092,7,2,0,30
10093,7,2,0,13
10094,7,2,0,10
10095,7,2,0,8
10096,7,2,0,6
10097,7,2,1,65
10098,7,2,1,63
10099,7,2,1,61
10100,7,2,0,26
10101,7,2,0,24
10102,7,2,0,21
10103,7,2,0,19
10104,7,2,0,17
10105,7,2,0,15
10106,7,1,0,0
10107,7,1,0,14
10108,7,1,0,16
10109,7,1,0,18
10110,7,1,0,20
10111,7,1,0,23
10112,7,1,0,25
10113,7,1,1,62
10114,7,1,1,64
10115,7,1,1,66
10116,7,1,0,5
10117,7,1,0,7
10118,7,1,0,9
10119,7,1,0,12
10120,7,1,0,29
10121,7,1,0,31
10122,7,1,0,33
10123,7,1,0,21
10124,7,1,0,27
10125,7,1,0,35
10126,7,0,0,38
10127,7,0,0,43
10128,7,0,0,46
10129,7,0,0,59
10130,7,0,0,61
10131,7,0,0,63
10132,7,0,0,65
10133,7,3,0,67
10134,7,3,0,65
10135,7,3,0,63
10136,7,2,0,58
10137,7,2,0,50
10138,7,2,0,46
10139,7,2,0,43
10140,7,2,0,29
10141,7,2,0,27
10142,7,2,0,25
10143,7,2,0,40
10144,7,2,0,38
10145,7,2,0,23
10146,7,2,0,18
10147,7,2,0,16
10148,7,2,0,14
10149,7,2,0,12
10150,7,2,0,9
10151,7,2,0,7
10152,7,2,0,5
10153,7,2,0,3
10154,7,2,0,1
10155,7,2,1,67
10156,7,1,0,2
10157,7,1,0,4
10158,7,1,0,6
10159,7,1,0,8
10160,7,1,0,10
10161,7,1,0,13
10162,7,1,0,15
10163,7,1,0,17
10164,7,1,0,19
10165,7,1,0,24
10166,7,1,0,37
10167,7,1,0,39
10168,7,1,0,26
10169,7,1,0,28
10170,7,1,0,30
10171,7,1,0,44
10172,7,1,0,47
10173,7,1,0,51
10174,7,1,0,57
10175,7,0,0,64
10176,7,0,0,66
10177,7,0,0,67
10178,7,2,0,67
10179,7,2,0,65
10180,7,2,0,52
10181,7,2,0,60
10182,7,2,0,55
10183,7,2,0,48
10184,7,2,0,53
10185,7,2,0,51
10186,7,2,0,41
10187,7,2,0,39
10188,7,2,0,49
10189,7,2,0,37
10190,7,2,0,47
10191,7,2,0,35
10192,7,2,0,44
10193,7,2,0,33
10194,7,2,0,42
10195,7,2,0,31
10196,7,1,0,61
10197,7,1,0,32
10198,7,1,0,41
10199,7,1,0,34
10200,7,1,0,43
10201,7,1,0,36
10202,7,1,0,46
10203,7,1,0,38
10204,7,1,0,48
10205,7,1,0,40
10206,7,1,0,42
10207,7,1,0,50
10208,7,1,0,52
10209,7,1,0,49
10210,7,1,0,54
10211,7,1,0,59
10212,7,1,0,53
10213,7,1,0,66
10214,7,1,0,67
10215,7,3,0,61
10216,7,3,0,59
10217,7,3,0,57
10218,7,3,0,54
10219,7,3,0,52
10220,7,2,0,63
10221,7,2,0,61
10222,7,2,0,59
10223,7,2,0,57
10224,7,2,0,66
10225,7,2,0,64
10226,7,2,0,54
10227,7,2,0,62
10228,7,1,0,55
10229,7,1,0,63
10230,7,1,0,65
10231,7,1,0,58
10232,7,1,0,60
10233,7,1,0,62
10234,7,1,0,64
10235,7,0,0,53
10236,7,0,0,55
10237,7,0,0,58
10238,7,0,0,60
10239,7,0,0,62
